$version Generated by VerilatedVcd $end
$timescale 1ps $end
 $scope module $rootio $end
  $var wire 1 # clk $end
  $var wire 1 $ clk_rd $end
  $var wire 1 % reset_n $end
  $var wire 1 & wr_en $end
  $var wire 1 ' rd_en $end
  $var wire 7 ( data_in [6:0] $end
  $var wire 7 ) data_out [6:0] $end
  $var wire 1 * full $end
  $var wire 1 + empty $end
 $upscope $end
 $scope module fifo1 $end
  $var wire 4 @ DEPTH [3:0] $end
  $var wire 1 , clk $end
  $var wire 1 - clk_rd $end
  $var wire 1 . reset_n $end
  $var wire 1 / wr_en $end
  $var wire 1 0 rd_en $end
  $var wire 7 1 data_in [6:0] $end
  $var wire 7 2 data_out [6:0] $end
  $var wire 1 3 full $end
  $var wire 1 4 empty $end
  $var wire 7 5 mem[0] [6:0] $end
  $var wire 7 6 mem[1] [6:0] $end
  $var wire 7 7 mem[2] [6:0] $end
  $var wire 7 8 mem[3] [6:0] $end
  $var wire 7 9 mem[4] [6:0] $end
  $var wire 7 : mem[5] [6:0] $end
  $var wire 7 ; mem[6] [6:0] $end
  $var wire 7 < mem[7] [6:0] $end
  $var wire 3 = wr_ptr [2:0] $end
  $var wire 3 > rd_ptr [2:0] $end
  $var wire 1 ? flag_full_empty $end
 $upscope $end
$enddefinitions $end


#0
1#
0$
0%
0&
0'
b0000000 (
b0000000 )
0*
1+
1,
0-
0.
0/
00
b0000000 1
b0000000 2
03
14
b0000000 5
b0000000 6
b0000000 7
b0000000 8
b0000000 9
b0000000 :
b0000000 ;
b0000000 <
b000 =
b000 >
0?
b1000 @
#5000
0#
0,
#10000
1#
1,
#15000
0#
0,
#20000
1#
1,
#22000
b0000001 (
b0000001 1
#25000
0#
0,
#30000
1#
1,
#32000
b0000010 (
b0000010 1
#35000
0#
0,
#40000
1#
1,
#42000
1%
b0000011 (
1.
b0000011 1
#45000
0#
0,
#50000
1#
1,
#52000
b0000100 (
b0000100 1
#55000
0#
0,
#60000
1#
1,
#62000
b0000101 (
b0000101 1
#65000
0#
0,
#70000
1#
1,
#75000
0#
0,
#80000
1#
1,
#85001
0#
0,
#90001
1#
1,
#92001
0%
b0000000 (
0.
b0000000 1
#95001
0#
0,
#100001
1#
1,
#102001
b0000001 (
b0000001 1
#105001
0#
0,
#110001
1#
1,
#112001
b0000010 (
b0000010 1
#115001
0#
0,
#120001
1#
1,
#122001
1%
1&
b0000011 (
1.
1/
b0000011 1
#125001
0#
0,
#130001
1#
0+
1,
04
b0000011 5
b001 =
#132001
b0000100 (
b0000100 1
#135001
0#
0,
#140001
1#
1,
b0000100 6
b010 =
#142001
b0000101 (
b0000101 1
#145001
0#
0,
#150001
1#
1,
b0000101 7
b011 =
#152001
b0000110 (
b0000110 1
#155001
0#
0,
#160001
1#
1,
b0000110 8
b100 =
#162001
b0000111 (
b0000111 1
#165001
0#
0,
#170001
1#
1,
b0000111 9
b101 =
#172001
b0001000 (
b0001000 1
#175001
0#
0,
#180001
1#
1,
b0001000 :
b110 =
#182001
b0001001 (
b0001001 1
#185001
0#
0,
#190001
1#
1,
b0001001 ;
b111 =
#192001
b0001010 (
b0001010 1
#195001
0#
0,
#200001
1#
1*
1,
13
b0001010 <
b000 =
1?
#202001
0&
b0001011 (
0/
b0001011 1
#205001
0#
0,
#210001
1#
1,
#212001
b0001100 (
b0001100 1
#215001
0#
0,
#220001
1#
1,
#222001
b0001101 (
b0001101 1
#225001
0#
0,
#230001
1#
1,
#232001
1'
b0001110 (
10
b0001110 1
#235001
0#
0,
#240001
1#
b0000011 )
0*
1,
b0000011 2
03
b001 >
#242001
b0001111 (
b0001111 1
#245001
0#
0,
#250001
1#
b0000100 )
1,
b0000100 2
b010 >
#252001
b0010000 (
b0010000 1
#255001
0#
0,
#260001
1#
b0000101 )
1,
b0000101 2
b011 >
#262001
b0010001 (
b0010001 1
#265001
0#
0,
#270001
1#
b0000110 )
1,
b0000110 2
b100 >
#272001
b0010010 (
b0010010 1
#275001
0#
0,
#280001
1#
b0000111 )
1,
b0000111 2
b101 >
#282001
b0010011 (
b0010011 1
#285001
0#
0,
#290001
1#
b0001000 )
1,
b0001000 2
b110 >
#292001
b0010100 (
b0010100 1
#295001
0#
0,
#300001
1#
b0001001 )
1,
b0001001 2
b111 >
#302001
b0010101 (
b0010101 1
#305001
0#
0,
#310001
1#
b0001010 )
1+
1,
b0001010 2
14
b000 >
0?
#312001
0'
b0010110 (
00
b0010110 1
#315001
0#
0,
#320001
1#
1,
#322001
b0010111 (
b0010111 1
#325001
0#
0,
#330001
1#
1,
#332001
b0011000 (
b0011000 1
#335001
0#
0,
#340001
1#
1,
#345001
0#
0,
#350001
1#
1,
#355002
0#
0,
#360002
1#
1,
#362002
0%
b0000000 (
b0000000 )
0.
b0000000 1
b0000000 2
#365002
0#
0,
#370002
1#
1,
#372002
b0000001 (
b0000001 1
#375002
0#
0,
#380002
1#
1,
#382002
b0000010 (
b0000010 1
#385002
0#
0,
#390002
1#
1,
#392002
1%
1&
b0000011 (
1.
1/
b0000011 1
#395002
0#
0,
#400002
1#
0+
1,
04
b001 =
#402002
b0000100 (
b0000100 1
#405002
0#
0,
#410002
1#
1,
b010 =
#412002
b0000101 (
b0000101 1
#415002
0#
0,
#420002
1#
1,
b011 =
#422002
b0000110 (
b0000110 1
#425002
0#
0,
#430002
1#
1,
b100 =
#432002
b0000111 (
b0000111 1
#435002
0#
0,
#440002
1#
1,
b101 =
#442002
b0001000 (
b0001000 1
#445002
0#
0,
#450002
1#
1,
b110 =
#452002
b0001001 (
b0001001 1
#455002
0#
0,
#460002
1#
1,
b111 =
#462002
b0001010 (
b0001010 1
#465002
0#
0,
#470002
1#
1*
1,
13
b000 =
1?
#472002
b0001011 (
b0001011 1
#475002
0#
0,
#480002
1#
1,
#482002
b0001100 (
b0001100 1
#485002
0#
0,
#490002
1#
1,
#492002
b0001101 (
b0001101 1
#495002
0#
0,
#500002
1#
1,
#502002
b0001110 (
b0001110 1
#505002
0#
0,
#510002
1#
1,
#512002
0&
1'
b0001111 (
0/
10
b0001111 1
#515002
0#
0,
#520002
1#
b0000011 )
0*
1,
b0000011 2
03
b001 >
#522002
b0010000 (
b0010000 1
#525002
0#
0,
#530002
1#
b0000100 )
1,
b0000100 2
b010 >
#532002
b0010001 (
b0010001 1
#535002
0#
0,
#540002
1#
b0000101 )
1,
b0000101 2
b011 >
#542002
b0010010 (
b0010010 1
#545002
0#
0,
#550002
1#
b0000110 )
1,
b0000110 2
b100 >
#552002
b0010011 (
b0010011 1
#555002
0#
0,
#560002
1#
b0000111 )
1,
b0000111 2
b101 >
#562002
b0010100 (
b0010100 1
#565002
0#
0,
#570002
1#
b0001000 )
1,
b0001000 2
b110 >
#572002
b0010101 (
b0010101 1
#575002
0#
0,
#580002
1#
b0001001 )
1,
b0001001 2
b111 >
#582002
b0010110 (
b0010110 1
#585002
0#
0,
#590002
1#
b0001010 )
1+
1,
b0001010 2
14
b000 >
0?
#592002
0'
b0010111 (
00
b0010111 1
#595002
0#
0,
#600002
1#
1,
#602002
b0011000 (
b0011000 1
#605002
0#
0,
#610002
1#
1,
#612002
b0011001 (
b0011001 1
#615002
0#
0,
#620002
1#
1,
#625002
0#
0,
#630002
1#
1,
#635003
0#
0,
#640003
1#
1,
#642003
0%
b0000000 (
b0000000 )
0.
b0000000 1
b0000000 2
#645003
0#
0,
#650003
1#
1,
#652003
b0000001 (
b0000001 1
#655003
0#
0,
#660003
1#
1,
#662003
b0000010 (
b0000010 1
#665003
0#
0,
#670003
1#
1,
#672003
1%
1'
b0000011 (
1.
10
b0000011 1
#675003
0#
0,
#680003
1#
1,
#682003
b0000100 (
b0000100 1
#685003
0#
0,
#690003
1#
1,
#692003
1&
0'
b0000101 (
1/
00
b0000101 1
#695003
0#
0,
#700003
1#
0+
1,
04
b0000101 5
b001 =
#702003
b0000110 (
b0000110 1
#705003
0#
0,
#710003
1#
1,
b0000110 6
b010 =
#712003
0&
1'
b0000111 (
0/
10
b0000111 1
#715003
0#
0,
#720003
1#
b0000101 )
1,
b0000101 2
b001 >
#722003
b0001000 (
b0001000 1
#725003
0#
0,
#730003
1#
b0000110 )
1+
1,
b0000110 2
14
b010 >
#732003
b0001001 (
b0001001 1
#735003
0#
0,
#740003
1#
1,
#742003
b0001010 (
b0001010 1
#745003
0#
0,
#750003
1#
1,
#752003
b0001011 (
b0001011 1
#755003
0#
0,
#760003
1#
1,
#762003
b0001100 (
b0001100 1
#765003
0#
0,
#770003
1#
1,
#772003
0'
b0001101 (
00
b0001101 1
#775003
0#
0,
#780003
1#
1,
#782003
b0001110 (
b0001110 1
#785003
0#
0,
#790003
1#
1,
#792003
b0001111 (
b0001111 1
#795003
0#
0,
#800003
1#
1,
#805003
0#
0,
#810003
1#
1,
#815004
0#
0,
#820004
1#
1,
#822004
0%
b0000000 (
b0000000 )
0.
b0000000 1
b0000000 2
b000 =
b000 >
#825004
0#
0,
#830004
1#
1,
#832004
b0000001 (
b0000001 1
#835004
0#
0,
#840004
1#
1,
#842004
b0000010 (
b0000010 1
#845004
0#
0,
#850004
1#
1,
#852004
1%
1&
1'
b0000011 (
1.
1/
10
b0000011 1
#855004
0#
0,
#860004
1#
0+
1,
04
b0000011 5
b001 =
#862004
b0000100 (
b0000100 1
#865004
0#
0,
#870004
1#
b0000011 )
1,
b0000011 2
b0000100 6
b010 =
b001 >
#872004
0&
0'
b0000101 (
0/
00
b0000101 1
#875004
0#
0,
#880004
1#
1,
#882004
b0000110 (
b0000110 1
#885004
0#
0,
#890004
1#
1,
#892004
b0000111 (
b0000111 1
#895004
0#
0,
#900004
1#
1,
#902004
1&
b0001000 (
1/
b0001000 1
#905004
0#
0,
#910004
1#
1,
b0001000 7
b011 =
#912004
b0001001 (
b0001001 1
#915004
0#
0,
#920004
1#
1,
b0001001 8
b100 =
#922004
b0001010 (
b0001010 1
#925004
0#
0,
#930004
1#
1,
b0001010 9
b101 =
#932004
b0001011 (
b0001011 1
#935004
0#
0,
#940004
1#
1,
b0001011 :
b110 =
#942004
1'
b0001100 (
10
b0001100 1
#945004
0#
0,
#950004
1#
b0000100 )
1,
b0000100 2
b0001100 ;
b111 =
b010 >
#952004
b0001101 (
b0001101 1
#955004
0#
0,
#960004
1#
b0001000 )
1,
b0001000 2
b0001101 <
b000 =
b011 >
1?
#962004
b0001110 (
b0001110 1
#965004
0#
0,
#970004
1#
b0001001 )
1,
b0001001 2
b0001110 5
b001 =
b100 >
#972004
b0001111 (
b0001111 1
#975004
0#
0,
#980004
1#
b0001010 )
1,
b0001010 2
b0001111 6
b010 =
b101 >
#982004
b0010000 (
b0010000 1
#985004
0#
0,
#990004
1#
b0001011 )
1,
b0001011 2
b0010000 7
b011 =
b110 >
#992004
b0010001 (
b0010001 1
#995004
0#
0,
#1000004
1#
b0001100 )
1,
b0001100 2
b0010001 8
b100 =
b111 >
#1002004
b0010010 (
b0010010 1
#1005004
0#
0,
#1010004
1#
b0001101 )
1,
b0001101 2
b0010010 9
b101 =
b000 >
0?
#1012004
b0010011 (
b0010011 1
#1015004
0#
0,
#1020004
1#
b0001110 )
1,
b0001110 2
b0010011 :
b110 =
b001 >
#1022004
0'
b0010100 (
00
b0010100 1
#1025004
0#
0,
#1030004
1#
1,
b0010100 ;
b111 =
#1032004
b0010101 (
b0010101 1
#1035004
0#
0,
#1040004
1#
1,
b0010101 <
b000 =
1?
#1042004
b0010110 (
b0010110 1
#1045004
0#
0,
#1050004
1#
1*
1,
13
b0010110 5
b001 =
#1052004
b0010111 (
b0010111 1
#1055004
0#
0,
#1060004
1#
1,
#1062004
b0011000 (
b0011000 1
#1065004
0#
0,
#1070004
1#
1,
#1072004
b0011001 (
b0011001 1
#1075004
0#
0,
#1080004
1#
1,
#1082004
b0011010 (
b0011010 1
#1085004
0#
0,
#1090004
1#
1,
#1092004
b0011011 (
b0011011 1
#1095004
0#
0,
#1100004
1#
1,
#1102004
1'
b0011100 (
10
b0011100 1
#1105004
0#
0,
#1110004
1#
b0001111 )
0*
1,
b0001111 2
03
b010 >
#1112004
b0011101 (
b0011101 1
#1115004
0#
0,
#1120004
1#
b0010000 )
1,
b0010000 2
b0011101 6
b010 =
b011 >
#1122004
0&
b0011110 (
0/
b0011110 1
#1125004
0#
0,
#1130004
1#
b0010001 )
1,
b0010001 2
b100 >
#1132004
b0011111 (
b0011111 1
#1135004
0#
0,
#1140004
1#
b0010010 )
1,
b0010010 2
b101 >
#1142004
b0100000 (
b0100000 1
#1145004
0#
0,
#1150004
1#
b0010011 )
1,
b0010011 2
b110 >
#1152004
b0100001 (
b0100001 1
#1155004
0#
0,
#1160004
1#
b0010100 )
1,
b0010100 2
b111 >
#1162004
b0100010 (
b0100010 1
#1165004
0#
0,
#1170004
1#
b0010101 )
1,
b0010101 2
b000 >
0?
#1172004
b0100011 (
b0100011 1
#1175004
0#
0,
#1180004
1#
b0010110 )
1,
b0010110 2
b001 >
#1182004
b0100100 (
b0100100 1
#1185004
0#
0,
#1190004
1#
b0011101 )
1+
1,
b0011101 2
14
b010 >
#1192004
b0100101 (
b0100101 1
#1195004
0#
0,
#1200004
1#
1,
#1202004
0'
b0100110 (
00
b0100110 1
#1205004
0#
0,
#1210004
1#
1,
#1212004
b0100111 (
b0100111 1
#1215004
0#
0,
#1220004
1#
1,
#1222004
b0101000 (
b0101000 1
#1225004
0#
0,
#1230004
1#
1,
#1235004
0#
0,
#1240004
1#
1,
#1245005
0#
0,
#1250005
1#
1,
#1252005
0%
b0000000 (
b0000000 )
0.
b0000000 1
b0000000 2
b000 =
b000 >
#1255005
0#
0,
#1260005
1#
1,
#1262005
b0000001 (
b0000001 1
#1265005
0#
0,
#1270005
1#
1,
#1272005
b0000010 (
b0000010 1
#1275005
0#
0,
#1280005
1#
1,
#1282005
1%
1&
b0000011 (
1.
1/
b0000011 1
#1285005
0#
0,
#1290005
1#
0+
1,
04
b0000011 5
b001 =
#1292005
b0000100 (
b0000100 1
#1295005
0#
0,
#1300005
1#
1,
b0000100 6
b010 =
#1302005
b0000101 (
b0000101 1
#1305005
0#
0,
#1310005
1#
1,
b0000101 7
b011 =
#1312005
b0000110 (
b0000110 1
#1315005
0#
0,
#1320005
1#
1,
b0000110 8
b100 =
#1322005
b0000111 (
b0000111 1
#1325005
0#
0,
#1330005
1#
1,
b0000111 9
b101 =
#1332005
b0001000 (
b0001000 1
#1335005
0#
0,
#1340005
1#
1,
b0001000 :
b110 =
#1342005
b0001001 (
b0001001 1
#1345005
0#
0,
#1350005
1#
1,
b0001001 ;
b111 =
#1352005
0&
1'
b0001010 (
0/
10
b0001010 1
#1355005
0#
0,
#1360005
1#
b0000011 )
1,
b0000011 2
b001 >
#1362005
b0001011 (
b0001011 1
#1365005
0#
0,
#1370005
1#
b0000100 )
1,
b0000100 2
b010 >
#1372005
b0001100 (
b0001100 1
#1375005
0#
0,
#1380005
1#
b0000101 )
1,
b0000101 2
b011 >
#1382005
b0001101 (
b0001101 1
#1385005
0#
0,
#1390005
1#
b0000110 )
1,
b0000110 2
b100 >
#1392005
b0001110 (
b0001110 1
#1395005
0#
0,
#1400005
1#
b0000111 )
1,
b0000111 2
b101 >
#1402005
b0001111 (
b0001111 1
#1405005
0#
0,
#1410005
1#
b0001000 )
1,
b0001000 2
b110 >
#1412005
b0010000 (
b0010000 1
#1415005
0#
0,
#1420005
1#
b0001001 )
1+
1,
b0001001 2
14
b111 >
#1422005
1&
0'
b0010001 (
1/
00
b0010001 1
#1425005
0#
0,
#1430005
1#
0+
1,
04
b0010001 <
b000 =
1?
#1432005
b0010010 (
b0010010 1
#1435005
0#
0,
#1440005
1#
1,
b0010010 5
b001 =
#1442005
b0010011 (
b0010011 1
#1445005
0#
0,
#1450005
1#
1,
b0010011 6
b010 =
#1452005
b0010100 (
b0010100 1
#1455005
0#
0,
#1460005
1#
1,
b0010100 7
b011 =
#1462005
b0010101 (
b0010101 1
#1465005
0#
0,
#1470005
1#
1,
b0010101 8
b100 =
#1472005
b0010110 (
b0010110 1
#1475005
0#
0,
#1480005
1#
1,
b0010110 9
b101 =
#1482005
b0010111 (
b0010111 1
#1485005
0#
0,
#1490005
1#
1,
b0010111 :
b110 =
#1492005
0&
1'
b0011000 (
0/
10
b0011000 1
#1495005
0#
0,
#1500005
1#
b0010001 )
1,
b0010001 2
b000 >
0?
#1502005
b0011001 (
b0011001 1
#1505005
0#
0,
#1510005
1#
b0010010 )
1,
b0010010 2
b001 >
#1512005
b0011010 (
b0011010 1
#1515005
0#
0,
#1520005
1#
b0010011 )
1,
b0010011 2
b010 >
#1522005
b0011011 (
b0011011 1
#1525005
0#
0,
#1530005
1#
b0010100 )
1,
b0010100 2
b011 >
#1532005
b0011100 (
b0011100 1
#1535005
0#
0,
#1540005
1#
b0010101 )
1,
b0010101 2
b100 >
#1542005
b0011101 (
b0011101 1
#1545005
0#
0,
#1550005
1#
b0010110 )
1,
b0010110 2
b101 >
#1552005
b0011110 (
b0011110 1
#1555005
0#
0,
#1560005
1#
b0010111 )
1+
1,
b0010111 2
14
b110 >
#1562005
1&
0'
b0011111 (
1/
00
b0011111 1
#1565005
0#
0,
#1570005
1#
0+
1,
04
b0011111 ;
b111 =
#1572005
b0100000 (
b0100000 1
#1575005
0#
0,
#1580005
1#
1,
b0100000 <
b000 =
1?
#1582005
b0100001 (
b0100001 1
#1585005
0#
0,
#1590005
1#
1,
b0100001 5
b001 =
#1592005
b0100010 (
b0100010 1
#1595005
0#
0,
#1600005
1#
1,
b0100010 6
b010 =
#1602005
b0100011 (
b0100011 1
#1605005
0#
0,
#1610005
1#
1,
b0100011 7
b011 =
#1612005
b0100100 (
b0100100 1
#1615005
0#
0,
#1620005
1#
1,
b0100100 8
b100 =
#1622005
b0100101 (
b0100101 1
#1625005
0#
0,
#1630005
1#
1,
b0100101 9
b101 =
#1632005
0&
1'
b0100110 (
0/
10
b0100110 1
#1635005
0#
0,
#1640005
1#
b0011111 )
1,
b0011111 2
b111 >
#1642005
b0100111 (
b0100111 1
#1645005
0#
0,
#1650005
1#
b0100000 )
1,
b0100000 2
b000 >
0?
#1652005
b0101000 (
b0101000 1
#1655005
0#
0,
#1660005
1#
b0100001 )
1,
b0100001 2
b001 >
#1662005
b0101001 (
b0101001 1
#1665005
0#
0,
#1670005
1#
b0100010 )
1,
b0100010 2
b010 >
#1672005
b0101010 (
b0101010 1
#1675005
0#
0,
#1680005
1#
b0100011 )
1,
b0100011 2
b011 >
#1682005
b0101011 (
b0101011 1
#1685005
0#
0,
#1690005
1#
b0100100 )
1,
b0100100 2
b100 >
#1692005
b0101100 (
b0101100 1
#1695005
0#
0,
#1700005
1#
b0100101 )
1+
1,
b0100101 2
14
b101 >
#1702005
1&
0'
b0101101 (
1/
00
b0101101 1
#1705005
0#
0,
#1710005
1#
0+
1,
04
b0101101 :
b110 =
#1712005
b0101110 (
b0101110 1
#1715005
0#
0,
#1720005
1#
1,
b0101110 ;
b111 =
#1722005
b0101111 (
b0101111 1
#1725005
0#
0,
#1730005
1#
1,
b0101111 <
b000 =
1?
#1732005
b0110000 (
b0110000 1
#1735005
0#
0,
#1740005
1#
1,
b0110000 5
b001 =
#1742005
b0110001 (
b0110001 1
#1745005
0#
0,
#1750005
1#
1,
b0110001 6
b010 =
#1752005
b0110010 (
b0110010 1
#1755005
0#
0,
#1760005
1#
1,
b0110010 7
b011 =
#1762005
b0110011 (
b0110011 1
#1765005
0#
0,
#1770005
1#
1,
b0110011 8
b100 =
#1772005
b0110100 (
b0110100 1
#1775005
0#
0,
#1780005
1#
1*
1,
13
b0110100 9
b101 =
#1782005
0&
1'
b0110101 (
0/
10
b0110101 1
#1785005
0#
0,
#1790005
1#
b0101101 )
0*
1,
b0101101 2
03
b110 >
#1792005
b0110110 (
b0110110 1
#1795005
0#
0,
#1800005
1#
b0101110 )
1,
b0101110 2
b111 >
#1802005
b0110111 (
b0110111 1
#1805005
0#
0,
#1810005
1#
b0101111 )
1,
b0101111 2
b000 >
0?
#1812005
b0111000 (
b0111000 1
#1815005
0#
0,
#1820005
1#
b0110000 )
1,
b0110000 2
b001 >
#1822005
b0111001 (
b0111001 1
#1825005
0#
0,
#1830005
1#
b0110001 )
1,
b0110001 2
b010 >
#1832005
b0111010 (
b0111010 1
#1835005
0#
0,
#1840005
1#
b0110010 )
1,
b0110010 2
b011 >
#1842005
b0111011 (
b0111011 1
#1845005
0#
0,
#1850005
1#
b0110011 )
1,
b0110011 2
b100 >
#1852005
b0111100 (
b0111100 1
#1855005
0#
0,
#1860005
1#
b0110100 )
1+
1,
b0110100 2
14
b101 >
#1862005
0'
b0111101 (
00
b0111101 1
#1865005
0#
0,
#1870005
1#
1,
#1872005
b0111110 (
b0111110 1
#1875005
0#
0,
#1880005
1#
1,
#1882005
b0111111 (
b0111111 1
#1885005
0#
0,
#1890005
1#
1,
#1895005
0#
0,
#1900005
1#
1,
#1905006
0#
0,
#1910006
1#
1,
#1912006
0%
b0000000 (
b0000000 )
0.
b0000000 1
b0000000 2
b000 =
b000 >
#1915006
0#
0,
#1920006
1#
1,
#1922006
b0000001 (
b0000001 1
#1925006
0#
0,
#1930006
1#
1,
#1932006
b0000010 (
b0000010 1
#1935006
0#
0,
#1940006
1#
1,
#1942006
1%
1&
b0000011 (
1.
1/
b0000011 1
#1945006
0#
0,
#1950006
1#
0+
1,
04
b0000011 5
b001 =
#1952006
b0000100 (
b0000100 1
#1955006
0#
0,
#1960006
1#
1,
b0000100 6
b010 =
#1962006
b0000101 (
b0000101 1
#1965006
0#
0,
#1970006
1#
1,
b0000101 7
b011 =
#1972006
b0000110 (
b0000110 1
#1975006
0#
0,
#1980006
1#
1,
b0000110 8
b100 =
#1982006
0%
0&
b0000111 (
1+
0.
0/
b0000111 1
14
b000 =
#1985006
0#
0,
#1990006
1#
1,
#1992006
b0001000 (
b0001000 1
#1995006
0#
0,
#2000006
1#
1,
#2002006
b0001001 (
b0001001 1
#2005006
0#
0,
#2010006
1#
1,
#2012006
1%
1'
b0001010 (
1.
10
b0001010 1
#2015006
0#
0,
#2020006
1#
1,
#2022006
b0001011 (
b0001011 1
#2025006
0#
0,
#2030006
1#
1,
#2032006
1&
0'
b0001100 (
1/
00
b0001100 1
#2035006
0#
0,
#2040006
1#
0+
1,
04
b0001100 5
b001 =
#2042006
b0001101 (
b0001101 1
#2045006
0#
0,
#2050006
1#
1,
b0001101 6
b010 =
#2052006
b0001110 (
b0001110 1
#2055006
0#
0,
#2060006
1#
1,
b0001110 7
b011 =
#2062006
b0001111 (
b0001111 1
#2065006
0#
0,
#2070006
1#
1,
b0001111 8
b100 =
#2072006
b0010000 (
b0010000 1
#2075006
0#
0,
#2080006
1#
1,
b0010000 9
b101 =
#2082006
b0010001 (
b0010001 1
#2085006
0#
0,
#2090006
1#
1,
b0010001 :
b110 =
#2092006
b0010010 (
b0010010 1
#2095006
0#
0,
#2100006
1#
1,
b0010010 ;
b111 =
#2102006
b0010011 (
b0010011 1
#2105006
0#
0,
#2110006
1#
1*
1,
13
b0010011 <
b000 =
1?
#2112006
0%
0&
b0010100 (
0*
1+
0.
0/
b0010100 1
03
14
0?
#2115006
0#
0,
#2120006
1#
1,
#2122006
b0010101 (
b0010101 1
#2125006
0#
0,
#2130006
1#
1,
#2132006
b0010110 (
b0010110 1
#2135006
0#
0,
#2140006
1#
1,
#2142006
1%
1&
b0010111 (
1.
1/
b0010111 1
#2145006
0#
0,
#2150006
1#
0+
1,
04
b0010111 5
b001 =
#2152006
0&
1'
b0011000 (
0/
10
b0011000 1
#2155006
0#
0,
#2160006
1#
b0010111 )
1+
1,
b0010111 2
14
b001 >
#2162006
b0011001 (
b0011001 1
#2165006
0#
0,
#2170006
1#
1,
#2172006
0'
b0011010 (
00
b0011010 1
#2175006
0#
0,
#2180006
1#
1,
#2182006
b0011011 (
b0011011 1
#2185006
0#
0,
#2190006
1#
1,
#2192006
b0011100 (
b0011100 1
#2195006
0#
0,
#2200006
1#
1,
#2205006
0#
0,
#2210006
1#
1,
#2215007
0#
0,
#2220007
1#
1,
#2222007
0%
b0000000 (
b0000000 )
0.
b0000000 1
b0000000 2
b000 =
b000 >
#2225007
0#
0,
#2230007
1#
1,
#2232007
b0000001 (
b0000001 1
#2235007
0#
0,
#2240007
1#
1,
#2242007
b0000010 (
b0000010 1
#2245007
0#
0,
#2250007
1#
1,
#2252007
1%
1&
b0000011 (
1.
1/
b0000011 1
#2255007
0#
0,
#2260007
1#
0+
1,
04
b0000011 5
b001 =
#2262007
b0000100 (
b0000100 1
#2265007
0#
0,
#2270007
1#
1,
b0000100 6
b010 =
#2272007
b0000101 (
b0000101 1
#2275007
0#
0,
#2280007
1#
1,
b0000101 7
b011 =
#2282007
b0000110 (
b0000110 1
#2285007
0#
0,
#2290007
1#
1,
b0000110 8
b100 =
#2292007
b0000111 (
b0000111 1
#2295007
0#
0,
#2300007
1#
1,
b0000111 9
b101 =
#2302007
b0001000 (
b0001000 1
#2305007
0#
0,
#2310007
1#
1,
b0001000 :
b110 =
#2312007
b0001001 (
b0001001 1
#2315007
0#
0,
#2320007
1#
1,
b0001001 ;
b111 =
#2322007
0&
1'
b0001010 (
0/
10
b0001010 1
#2325007
0#
0,
#2330007
1#
b0000011 )
1,
b0000011 2
b001 >
#2332007
b0001011 (
b0001011 1
#2335007
0#
0,
#2340007
1#
b0000100 )
1,
b0000100 2
b010 >
#2342007
b0001100 (
b0001100 1
#2345007
0#
0,
#2350007
1#
b0000101 )
1,
b0000101 2
b011 >
#2352007
b0001101 (
b0001101 1
#2355007
0#
0,
#2360007
1#
b0000110 )
1,
b0000110 2
b100 >
#2362007
b0001110 (
b0001110 1
#2365007
0#
0,
#2370007
1#
b0000111 )
1,
b0000111 2
b101 >
#2372007
b0001111 (
b0001111 1
#2375007
0#
0,
#2380007
1#
b0001000 )
1,
b0001000 2
b110 >
#2382007
b0010000 (
b0010000 1
#2385007
0#
0,
#2390007
1#
b0001001 )
1+
1,
b0001001 2
14
b111 >
#2392007
1&
b0010001 (
1/
b0010001 1
#2395007
0#
0,
#2400007
1#
0+
1,
04
b0010001 <
b000 =
#2402007
0'
b0010010 (
00
b0010010 1
#2405007
0#
0,
#2410007
1#
1,
b0010010 5
b001 =
#2412007
b0010011 (
b0010011 1
#2415007
0#
0,
#2420007
1#
1,
b0010011 6
b010 =
#2422007
b0010100 (
b0010100 1
#2425007
0#
0,
#2430007
1#
1,
b0010100 7
b011 =
#2432007
b0010101 (
b0010101 1
#2435007
0#
0,
#2440007
1#
1,
b0010101 8
b100 =
#2442007
b0010110 (
b0010110 1
#2445007
0#
0,
#2450007
1#
1,
b0010110 9
b101 =
#2452007
b0010111 (
b0010111 1
#2455007
0#
0,
#2460007
1#
1,
b0010111 :
b110 =
#2462007
b0011000 (
b0011000 1
#2465007
0#
0,
#2470007
1#
1+
1,
14
b0011000 ;
b111 =
#2472007
0&
b0011001 (
0/
b0011001 1
#2475007
0#
0,
#2480007
1#
1,
#2482007
b0011010 (
b0011010 1
#2485007
0#
0,
#2490007
1#
1,
#2492007
b0011011 (
b0011011 1
#2495007
0#
0,
#2500007
1#
1,
#2502007
1'
b0011100 (
10
b0011100 1
#2505007
0#
0,
#2510007
1#
1,
#2512007
b0011101 (
b0011101 1
#2515007
0#
0,
#2520007
1#
1,
#2522007
b0011110 (
b0011110 1
#2525007
0#
0,
#2530007
1#
1,
#2532007
b0011111 (
b0011111 1
#2535007
0#
0,
#2540007
1#
1,
#2542007
b0100000 (
b0100000 1
#2545007
0#
0,
#2550007
1#
1,
#2552007
b0100001 (
b0100001 1
#2555007
0#
0,
#2560007
1#
1,
#2562007
b0100010 (
b0100010 1
#2565007
0#
0,
#2570007
1#
1,
#2572007
b0100011 (
b0100011 1
#2575007
0#
0,
#2580007
1#
1,
#2582007
0'
b0100100 (
00
b0100100 1
#2585007
0#
0,
#2590007
1#
1,
#2592007
b0100101 (
b0100101 1
#2595007
0#
0,
#2600007
1#
1,
#2602007
b0100110 (
b0100110 1
#2605007
0#
0,
#2610007
1#
1,
#2615007
0#
0,
#2620007
1#
1,
#2625008
0#
0,
#2630008
1#
1,
#2632008
0%
b0000000 (
b0000000 )
0.
b0000000 1
b0000000 2
b000 =
b000 >
#2635008
0#
0,
#2640008
1#
1,
#2642008
b0000001 (
b0000001 1
#2645008
0#
0,
#2650008
1#
1,
#2652008
b0000010 (
b0000010 1
#2655008
0#
0,
#2660008
1#
1,
#2662008
1%
1&
b0001110 (
1.
1/
b0001110 1
#2665008
0#
0,
#2670008
1#
0+
1,
04
b0001110 5
b001 =
#2672008
1'
b0000011 (
10
b0000011 1
#2675008
0#
0,
#2680008
1#
b0001110 )
1,
b0001110 2
b0000011 6
b010 =
b001 >
#2682008
0'
b0011111 (
00
b0011111 1
#2685008
0#
0,
#2690008
1#
1,
b0011111 7
b011 =
#2692008
b1011110 (
b1011110 1
#2695008
0#
0,
#2700008
1#
1,
b1011110 8
b100 =
#2702008
b0101110 (
b0101110 1
#2705008
0#
0,
#2710008
1#
1,
b0101110 9
b101 =
#2712008
b0010111 (
b0010111 1
#2715008
0#
0,
#2720008
1#
1,
b110 =
#2722008
0&
b0000101 (
0/
b0000101 1
#2725008
0#
0,
#2730008
1#
1,
#2732008
b0101011 (
b0101011 1
#2735008
0#
0,
#2740008
1#
1,
#2742008
1&
b1011101 (
1/
b1011101 1
#2745008
0#
0,
#2750008
1#
1,
b1011101 ;
b111 =
#2752008
b1000010 (
b1000010 1
#2755008
0#
0,
#2760008
1#
1,
b1000010 <
b000 =
1?
#2762008
b1010111 (
b1010111 1
#2765008
0#
0,
#2770008
1#
1*
1,
13
b1010111 5
b001 =
#2772008
b0100100 (
b0100100 1
#2775008
0#
0,
#2780008
1#
1,
#2782008
0&
b0010010 (
0/
b0010010 1
#2785008
0#
0,
#2790008
1#
1,
#2792008
1&
b0010111 (
1/
b0010111 1
#2795008
0#
0,
#2800008
1#
1,
#2802008
b0001010 (
b0001010 1
#2805008
0#
0,
#2810008
1#
1,
#2812008
b1010001 (
b1010001 1
#2815008
0#
0,
#2820008
1#
1,
#2822008
b1010111 (
b1010111 1
#2825008
0#
0,
#2830008
1#
1,
#2832008
b0011010 (
b0011010 1
#2835008
0#
0,
#2840008
1#
1,
#2842008
0&
b0010110 (
0/
b0010110 1
#2845008
0#
0,
#2850008
1#
1,
#2852008
1&
b0111111 (
1/
b0111111 1
#2855008
0#
0,
#2860008
1#
1,
#2862008
0&
b0110000 (
0/
b0110000 1
#2865008
0#
0,
#2870008
1#
1,
#2872008
1&
b0001101 (
1/
b0001101 1
#2875008
0#
0,
#2880008
1#
1,
#2882008
b1010100 (
b1010100 1
#2885008
0#
0,
#2890008
1#
1,
#2892008
b0110100 (
b0110100 1
#2895008
0#
0,
#2900008
1#
1,
#2902008
b1001010 (
b1001010 1
#2905008
0#
0,
#2910008
1#
1,
#2912008
1'
b0000110 (
10
b0000110 1
#2915008
0#
0,
#2920008
1#
b0000011 )
0*
1,
b0000011 2
03
b010 >
#2922008
0'
b0011100 (
00
b0011100 1
#2925008
0#
0,
#2930008
1#
1*
1,
13
b0011100 6
b010 =
#2932008
b1100001 (
b1100001 1
#2935008
0#
0,
#2940008
1#
1,
#2942008
b1101111 (
b1101111 1
#2945008
0#
0,
#2950008
1#
1,
#2952008
b0000001 (
b0000001 1
#2955008
0#
0,
#2960008
1#
1,
#2962008
b0100011 (
b0100011 1
#2965008
0#
0,
#2970008
1#
1,
#2972008
b0000110 (
b0000110 1
#2975008
0#
0,
#2980008
1#
1,
#2982008
0&
1'
b0110111 (
0/
10
b0110111 1
#2985008
0#
0,
#2990008
1#
b0011111 )
0*
1,
b0011111 2
03
b011 >
#2992008
b0100101 (
b0100101 1
#2995008
0#
0,
#3000008
1#
b1011110 )
1,
b1011110 2
b100 >
#3002008
b1111010 (
b1111010 1
#3005008
0#
0,
#3010008
1#
b0101110 )
1,
b0101110 2
b101 >
#3012008
b1011010 (
b1011010 1
#3015008
0#
0,
#3020008
1#
b0010111 )
1,
b0010111 2
b110 >
#3022008
1&
b0111000 (
1/
b0111000 1
#3025008
0#
0,
#3030008
1#
b1011101 )
1,
b1011101 2
b0111000 7
b011 =
b111 >
#3032008
0&
b1111001 (
0/
b1111001 1
#3035008
0#
0,
#3040008
1#
b1000010 )
1,
b1000010 2
b000 >
0?
#3042008
b1000000 (
b1000000 1
#3045008
0#
0,
#3050008
1#
b1010111 )
1,
b1010111 2
b001 >
#3052008
b0110101 (
b0110101 1
#3055008
0#
0,
#3060008
1#
b0011100 )
1,
b0011100 2
b010 >
#3062008
1&
b1101010 (
1/
b1101010 1
#3065008
0#
0,
#3070008
1#
b0111000 )
1,
b0111000 2
b1101010 8
b100 =
b011 >
#3072008
b0010110 (
b0010110 1
#3075008
0#
0,
#3080008
1#
b1101010 )
1,
b1101010 2
b0010110 9
b101 =
b100 >
#3082008
0&
b0111011 (
0/
b0111011 1
#3085008
0#
0,
#3090008
1#
b0010110 )
1+
1,
b0010110 2
14
b101 >
#3092008
b1001010 (
b1001010 1
#3095008
0#
0,
#3100008
1#
1,
#3102008
b1001100 (
b1001100 1
#3105008
0#
0,
#3110008
1#
1,
#3112008
1&
b0000010 (
1/
b0000010 1
#3115008
0#
0,
#3120008
1#
0+
1,
04
b0000010 :
b110 =
#3122008
0&
0'
b1110101 (
0/
00
b1110101 1
#3125008
0#
0,
#3130008
1#
1,
#3132008
1'
b1111100 (
10
b1111100 1
#3135008
0#
0,
#3140008
1#
b0000010 )
1+
1,
b0000010 2
14
b110 >
#3142008
b0111011 (
b0111011 1
#3145008
0#
0,
#3150008
1#
1,
#3152008
b0100010 (
b0100010 1
#3155008
0#
0,
#3160008
1#
1,
#3162008
b0101010 (
b0101010 1
#3165008
0#
0,
#3170008
1#
1,
#3172008
b0111101 (
b0111101 1
#3175008
0#
0,
#3180008
1#
1,
#3182008
b0000010 (
b0000010 1
#3185008
0#
0,
#3190008
1#
1,
#3192008
b0001001 (
b0001001 1
#3195008
0#
0,
#3200008
1#
1,
#3202008
0'
b1111110 (
00
b1111110 1
#3205008
0#
0,
#3210008
1#
1,
#3212008
1&
1'
b0001011 (
1/
10
b0001011 1
#3215008
0#
0,
#3220008
1#
0+
1,
04
b0001011 ;
b111 =
#3222008
0&
b1000110 (
0/
b1000110 1
#3225008
0#
0,
#3230008
1#
b0001011 )
1+
1,
b0001011 2
14
b111 >
#3232008
0'
b1001111 (
00
b1001111 1
#3235008
0#
0,
#3240008
1#
1,
#3242008
1&
1'
b1001010 (
1/
10
b1001010 1
#3245008
0#
0,
#3250008
1#
0+
1,
04
b1001010 <
b000 =
#3252008
0&
b0000001 (
0/
b0000001 1
#3255008
0#
0,
#3260008
1#
b1001010 )
1+
1,
b1001010 2
14
b000 >
#3262008
0'
b1111001 (
00
b1111001 1
#3265008
0#
0,
#3270008
1#
1,
#3272008
1'
b0101010 (
10
b0101010 1
#3275008
0#
0,
#3280008
1#
1,
#3282008
0'
b0111011 (
00
b0111011 1
#3285008
0#
0,
#3290008
1#
1,
#3292008
1'
b0000010 (
10
b0000010 1
#3295008
0#
0,
#3300008
1#
1,
#3302008
b0110101 (
b0110101 1
#3305008
0#
0,
#3310008
1#
1,
#3312008
0'
b0101000 (
00
b0101000 1
#3315008
0#
0,
#3320008
1#
1,
#3322008
1&
1'
b0110111 (
1/
10
b0110111 1
#3325008
0#
0,
#3330008
1#
0+
1,
04
b0110111 5
b001 =
#3332008
b1101001 (
b1101001 1
#3335008
0#
0,
#3340008
1#
b0110111 )
1,
b0110111 2
b1101001 6
b010 =
b001 >
#3342008
0'
b1101010 (
00
b1101010 1
#3345008
0#
0,
#3350008
1#
1,
b1101010 7
b011 =
#3352008
0&
1'
b1100111 (
0/
10
b1100111 1
#3355008
0#
0,
#3360008
1#
b1101001 )
1,
b1101001 2
b010 >
#3362008
0'
b1100000 (
00
b1100000 1
#3365008
0#
0,
#3370008
1#
1,
#3372008
b1010111 (
b1010111 1
#3375008
0#
0,
#3380008
1#
1,
#3382008
1&
1'
b0111111 (
1/
10
b0111111 1
#3385008
0#
0,
#3390008
1#
b1101010 )
1,
b1101010 2
b0111111 8
b100 =
b011 >
#3392008
0'
b1110110 (
00
b1110110 1
#3395008
0#
0,
#3400008
1#
1,
b1110110 9
b101 =
#3402008
1'
b1010110 (
10
b1010110 1
#3405008
0#
0,
#3410008
1#
b0111111 )
1,
b0111111 2
b1010110 :
b110 =
b100 >
#3412008
0&
b1010000 (
0/
b1010000 1
#3415008
0#
0,
#3420008
1#
b1110110 )
1,
b1110110 2
b101 >
#3422008
0'
b1101010 (
00
b1101010 1
#3425008
0#
0,
#3430008
1#
1,
#3432008
1&
b1111011 (
1/
b1111011 1
#3435008
0#
0,
#3440008
1#
1,
b1111011 ;
b111 =
#3442008
0&
b0101111 (
0/
b0101111 1
#3445008
0#
0,
#3450008
1#
1,
#3452008
b0011010 (
b0011010 1
#3455008
0#
0,
#3460008
1#
1,
#3462008
b1101101 (
b1101101 1
#3465008
0#
0,
#3470008
1#
1,
#3472008
1&
b0110110 (
1/
b0110110 1
#3475008
0#
0,
#3480008
1#
1,
b0110110 <
b000 =
1?
#3482008
b0111000 (
b0111000 1
#3485008
0#
0,
#3490008
1#
1,
b0111000 5
b001 =
#3492008
b1011101 (
b1011101 1
#3495008
0#
0,
#3500008
1#
1,
b1011101 6
b010 =
#3502008
1'
b0111010 (
10
b0111010 1
#3505008
0#
0,
#3510008
1#
b1010110 )
1,
b1010110 2
b0111010 7
b011 =
b110 >
#3512008
0'
b0011011 (
00
b0011011 1
#3515008
0#
0,
#3520008
1#
1,
b0011011 8
b100 =
#3522008
0&
1'
b0110100 (
0/
10
b0110100 1
#3525008
0#
0,
#3530008
1#
b1111011 )
1,
b1111011 2
b111 >
#3532008
1&
b1111001 (
1/
b1111001 1
#3535008
0#
0,
#3540008
1#
b0110110 )
1,
b0110110 2
b1111001 9
b101 =
b000 >
0?
#3542008
0&
0'
b1110000 (
0/
00
b1110000 1
#3545008
0#
0,
#3550008
1#
1,
#3552008
1&
1'
b1101010 (
1/
10
b1101010 1
#3555008
0#
0,
#3560008
1#
b0111000 )
1,
b0111000 2
b1101010 :
b110 =
b001 >
#3562008
0'
b0111010 (
00
b0111010 1
#3565008
0#
0,
#3570008
1#
1,
b0111010 ;
b111 =
#3572008
b1110010 (
b1110010 1
#3575008
0#
0,
#3580008
1#
1,
b1110010 <
b000 =
1?
#3582008
1'
b0110101 (
10
b0110101 1
#3585008
0#
0,
#3590008
1#
b1011101 )
1,
b1011101 2
b0110101 5
b001 =
b010 >
#3592008
0&
b0110000 (
0/
b0110000 1
#3595008
0#
0,
#3600008
1#
b0111010 )
1,
b0111010 2
b011 >
#3602008
1&
0'
b1110110 (
1/
00
b1110110 1
#3605008
0#
0,
#3610008
1#
1,
b1110110 6
b010 =
#3612008
1'
b0011100 (
10
b0011100 1
#3615008
0#
0,
#3620008
1#
b0011011 )
1,
b0011011 2
b0011100 7
b011 =
b100 >
#3622008
0'
b1101110 (
00
b1101110 1
#3625008
0#
0,
#3630008
1#
1*
1,
13
b1101110 8
b100 =
#3632008
0&
1'
b0111001 (
0/
10
b0111001 1
#3635008
0#
0,
#3640008
1#
b1111001 )
0*
1,
b1111001 2
03
b101 >
#3642008
1&
0'
b1000011 (
1/
00
b1000011 1
#3645008
0#
0,
#3650008
1#
1*
1,
13
b1000011 9
b101 =
#3652008
b0000101 (
b0000101 1
#3655008
0#
0,
#3660008
1#
1,
#3662008
b0100011 (
b0100011 1
#3665008
0#
0,
#3670008
1#
1,
#3672008
0&
b1101000 (
0/
b1101000 1
#3675008
0#
0,
#3680008
1#
1,
#3682008
1&
b1100111 (
1/
b1100111 1
#3685008
0#
0,
#3690008
1#
1,
#3692008
1'
b1100011 (
10
b1100011 1
#3695008
0#
0,
#3700008
1#
b1101010 )
0*
1,
b1101010 2
03
b110 >
#3702008
0'
b1111010 (
00
b1111010 1
#3705008
0#
0,
#3710008
1#
1*
1,
13
b1111010 :
b110 =
#3712008
b0110111 (
b0110111 1
#3715008
0#
0,
#3720008
1#
1,
#3722008
b1010010 (
b1010010 1
#3725008
0#
0,
#3730008
1#
1,
#3732008
b1010000 (
b1010000 1
#3735008
0#
0,
#3740008
1#
1,
#3742008
b1011000 (
b1011000 1
#3745008
0#
0,
#3750008
1#
1,
#3752008
1'
b1011111 (
10
b1011111 1
#3755008
0#
0,
#3760008
1#
b0111010 )
0*
1,
b0111010 2
03
b111 >
#3762008
0&
b1110100 (
0/
b1110100 1
#3765008
0#
0,
#3770008
1#
b1110010 )
1,
b1110010 2
b000 >
0?
#3772008
0'
b1011011 (
00
b1011011 1
#3775008
0#
0,
#3780008
1#
1,
#3782008
1&
b0111110 (
1/
b0111110 1
#3785008
0#
0,
#3790008
1#
1,
b0111110 ;
b111 =
#3792008
b1000101 (
b1000101 1
#3795008
0#
0,
#3800008
1#
1*
1,
13
b1000101 <
b000 =
1?
#3802008
b1100110 (
b1100110 1
#3805008
0#
0,
#3810008
1#
1,
#3812008
b1011000 (
b1011000 1
#3815008
0#
0,
#3820008
1#
1,
#3822008
b1101000 (
b1101000 1
#3825008
0#
0,
#3830008
1#
1,
#3832008
0&
b0000000 (
0/
b0000000 1
#3835008
0#
0,
#3840008
1#
1,
#3842008
1&
b0101110 (
1/
b0101110 1
#3845008
0#
0,
#3850008
1#
1,
#3852008
b1111111 (
b1111111 1
#3855008
0#
0,
#3860008
1#
1,
#3862008
0&
b0110000 (
0/
b0110000 1
#3865008
0#
0,
#3870008
1#
1,
#3872008
0%
b1111100 (
b0000000 )
0*
1+
0.
b1111100 1
b0000000 2
03
14
0?
#3875008
0#
0,
#3880008
1#
1,
#3882008
b1111101 (
b1111101 1
#3885008
0#
0,
#3890008
1#
1,
#3892008
b1111110 (
b1111110 1
#3895008
0#
0,
#3900008
1#
1,
#3902008
1%
1&
b0011011 (
1.
1/
b0011011 1
#3905008
0#
0,
#3910008
1#
0+
1,
04
b0011011 5
b001 =
#3912008
1'
b1010101 (
10
b1010101 1
#3915008
0#
0,
#3920008
1#
b0011011 )
1,
b0011011 2
b1010101 6
b010 =
b001 >
#3922008
0'
b0101110 (
00
b0101110 1
#3925008
0#
0,
#3930008
1#
1,
b0101110 7
b011 =
#3932008
b1110011 (
b1110011 1
#3935008
0#
0,
#3940008
1#
1,
b1110011 8
b100 =
#3942008
b1100101 (
b1100101 1
#3945008
0#
0,
#3950008
1#
1,
b1100101 9
b101 =
#3952008
1'
b1101001 (
10
b1101001 1
#3955008
0#
0,
#3960008
1#
b1010101 )
1,
b1010101 2
b1101001 :
b110 =
b010 >
#3962008
b0000111 (
b0000111 1
#3965008
0#
0,
#3970008
1#
b0101110 )
1,
b0101110 2
b0000111 ;
b111 =
b011 >
#3972008
0&
b0101000 (
0/
b0101000 1
#3975008
0#
0,
#3980008
1#
b1110011 )
1,
b1110011 2
b100 >
#3982008
b1110001 (
b1110001 1
#3985008
0#
0,
#3990008
1#
b1100101 )
1,
b1100101 2
b101 >
#3992008
b1111011 (
b1111011 1
#3995008
0#
0,
#4000008
1#
b1101001 )
1,
b1101001 2
b110 >
#4002008
b0000110 (
b0000110 1
#4005008
0#
0,
#4010008
1#
b0000111 )
1+
1,
b0000111 2
14
b111 >
#4012008
b0110011 (
b0110011 1
#4015008
0#
0,
#4020008
1#
1,
#4022008
b1010011 (
b1010011 1
#4025008
0#
0,
#4030008
1#
1,
#4032008
b0001010 (
b0001010 1
#4035008
0#
0,
#4040008
1#
1,
#4042008
b0000011 (
b0000011 1
#4045008
0#
0,
#4050008
1#
1,
#4052008
1&
b0100010 (
1/
b0100010 1
#4055008
0#
0,
#4060008
1#
0+
1,
04
b0100010 <
b000 =
#4062008
0&
b1000000 (
0/
b1000000 1
#4065008
0#
0,
#4070008
1#
b0100010 )
1+
1,
b0100010 2
14
b000 >
#4072008
0'
b0000011 (
00
b0000011 1
#4075008
0#
0,
#4080008
1#
1,
#4082008
1'
b0101010 (
10
b0101010 1
#4085008
0#
0,
#4090008
1#
1,
#4092008
b1101110 (
b1101110 1
#4095008
0#
0,
#4100008
1#
1,
#4102008
1&
b1110000 (
1/
b1110000 1
#4105008
0#
0,
#4110008
1#
0+
1,
04
b1110000 5
b001 =
#4112008
0&
b0011111 (
0/
b0011111 1
#4115008
0#
0,
#4120008
1#
b1110000 )
1+
1,
b1110000 2
14
b001 >
#4122008
1&
b0100010 (
1/
b0100010 1
#4125008
0#
0,
#4130008
1#
0+
1,
04
b0100010 6
b010 =
#4132008
0&
0'
b1000010 (
0/
00
b1000010 1
#4135008
0#
0,
#4140008
1#
1,
#4142008
1'
b1010001 (
10
b1010001 1
#4145008
0#
0,
#4150008
1#
b0100010 )
1+
1,
b0100010 2
14
b010 >
#4152008
1&
b1011111 (
1/
b1011111 1
#4155008
0#
0,
#4160008
1#
0+
1,
04
b1011111 7
b011 =
#4162008
b0111011 (
b0111011 1
#4165008
0#
0,
#4170008
1#
b1011111 )
1,
b1011111 2
b0111011 8
b100 =
b011 >
#4172008
0&
0'
b1000101 (
0/
00
b1000101 1
#4175008
0#
0,
#4180008
1#
1,
#4182008
1'
b1110001 (
10
b1110001 1
#4185008
0#
0,
#4190008
1#
b0111011 )
1+
1,
b0111011 2
14
b100 >
#4192008
b0000000 (
b0000000 1
#4195008
0#
0,
#4200008
1#
1,
#4202008
b0100111 (
b0100111 1
#4205008
0#
0,
#4210008
1#
1,
#4212008
b0011001 (
b0011001 1
#4215008
0#
0,
#4220008
1#
1,
#4222008
0'
b1011010 (
00
b1011010 1
#4225008
0#
0,
#4230008
1#
1,
#4232008
b0110011 (
b0110011 1
#4235008
0#
0,
#4240008
1#
1,
#4242008
1'
b1011001 (
10
b1011001 1
#4245008
0#
0,
#4250008
1#
1,
#4252008
b1001011 (
b1001011 1
#4255008
0#
0,
#4260008
1#
1,
#4262008
b0110000 (
b0110000 1
#4265008
0#
0,
#4270008
1#
1,
#4272008
b0110001 (
b0110001 1
#4275008
0#
0,
#4280008
1#
1,
#4282008
b1110011 (
b1110011 1
#4285008
0#
0,
#4290008
1#
1,
#4292008
1&
b0100101 (
1/
b0100101 1
#4295008
0#
0,
#4300008
1#
0+
1,
04
b0100101 9
b101 =
#4302008
0'
b1101100 (
00
b1101100 1
#4305008
0#
0,
#4310008
1#
1,
b1101100 :
b110 =
#4312008
0&
1'
b1110011 (
0/
10
b1110011 1
#4315008
0#
0,
#4320008
1#
b0100101 )
1,
b0100101 2
b101 >
#4322008
1&
0'
b1010011 (
1/
00
b1010011 1
#4325008
0#
0,
#4330008
1#
1,
b1010011 ;
b111 =
#4332008
0&
1'
b0111001 (
0/
10
b0111001 1
#4335008
0#
0,
#4340008
1#
b1101100 )
1,
b1101100 2
b110 >
#4342008
b0011011 (
b0011011 1
#4345008
0#
0,
#4350008
1#
b1010011 )
1+
1,
b1010011 2
14
b111 >
#4352008
1&
b1100100 (
1/
b1100100 1
#4355008
0#
0,
#4360008
1#
0+
1,
04
b1100100 <
b000 =
#4362008
0&
0'
b0111101 (
0/
00
b0111101 1
#4365008
0#
0,
#4370008
1#
1,
#4372008
b0011010 (
b0011010 1
#4375008
0#
0,
#4380008
1#
1,
#4382008
b1000010 (
b1000010 1
#4385008
0#
0,
#4390008
1#
1,
#4392008
1&
b0100110 (
1/
b0100110 1
#4395008
0#
0,
#4400008
1#
1,
b0100110 5
b001 =
#4402008
1'
b1101110 (
10
b1101110 1
#4405008
0#
0,
#4410008
1#
b1100100 )
1,
b1100100 2
b1101110 6
b010 =
b000 >
#4412008
0&
b0110100 (
0/
b0110100 1
#4415008
0#
0,
#4420008
1#
b0100110 )
1,
b0100110 2
b001 >
#4422008
b0010110 (
b0010110 1
#4425008
0#
0,
#4430008
1#
b1101110 )
1+
1,
b1101110 2
14
b010 >
#4432008
0'
b1101011 (
00
b1101011 1
#4435008
0#
0,
#4440008
1#
1,
#4442008
1&
1'
b0011101 (
1/
10
b0011101 1
#4445008
0#
0,
#4450008
1#
0+
1,
04
b0011101 7
b011 =
#4452008
0'
b0000100 (
00
b0000100 1
#4455008
0#
0,
#4460008
1#
1,
b0000100 8
b100 =
#4462008
b0000101 (
b0000101 1
#4465008
0#
0,
#4470008
1#
1,
b0000101 9
b101 =
#4472008
0&
1'
b1010001 (
0/
10
b1010001 1
#4475008
0#
0,
#4480008
1#
b0011101 )
1,
b0011101 2
b011 >
#4482008
0'
b0000001 (
00
b0000001 1
#4485008
0#
0,
#4490008
1#
1,
#4492008
1'
b0111000 (
10
b0111000 1
#4495008
0#
0,
#4500008
1#
b0000100 )
1,
b0000100 2
b100 >
#4502008
b1010011 (
b1010011 1
#4505008
0#
0,
#4510008
1#
b0000101 )
1+
1,
b0000101 2
14
b101 >
#4512008
1&
b0010110 (
1/
b0010110 1
#4515008
0#
0,
#4520008
1#
0+
1,
04
b0010110 :
b110 =
#4522008
b0110010 (
b0110010 1
#4525008
0#
0,
#4530008
1#
b0010110 )
1,
b0010110 2
b0110010 ;
b111 =
b110 >
#4532008
0&
0'
b0101000 (
0/
00
b0101000 1
#4535008
0#
0,
#4540008
1#
1,
#4542008
1&
b1101110 (
1/
b1101110 1
#4545008
0#
0,
#4550008
1#
1,
b1101110 <
b000 =
1?
#4552008
0&
b0010111 (
0/
b0010111 1
#4555008
0#
0,
#4560008
1#
1,
#4562008
1&
1'
b1001001 (
1/
10
b1001001 1
#4565008
0#
0,
#4570008
1#
b0110010 )
1,
b0110010 2
b1001001 5
b001 =
b111 >
#4572008
0&
0'
b1000010 (
0/
00
b1000010 1
#4575008
0#
0,
#4580008
1#
1,
#4582008
1&
1'
b1011001 (
1/
10
b1011001 1
#4585008
0#
0,
#4590008
1#
b1101110 )
1,
b1101110 2
b1011001 6
b010 =
b000 >
0?
#4592008
0&
b0100100 (
0/
b0100100 1
#4595008
0#
0,
#4600008
1#
b1001001 )
1,
b1001001 2
b001 >
#4602008
1&
0'
b1100011 (
1/
00
b1100011 1
#4605008
0#
0,
#4610008
1#
1,
b1100011 7
b011 =
#4612008
b1101111 (
b1101111 1
#4615008
0#
0,
#4620008
1#
1,
b1101111 8
b100 =
#4622008
b1101101 (
b1101101 1
#4625008
0#
0,
#4630008
1#
1,
b1101101 9
b101 =
#4632008
1'
b0011010 (
10
b0011010 1
#4635008
0#
0,
#4640008
1#
b1011001 )
1,
b1011001 2
b0011010 :
b110 =
b010 >
#4642008
0&
b0001110 (
0/
b0001110 1
#4645008
0#
0,
#4650008
1#
b1100011 )
1,
b1100011 2
b011 >
#4652008
1&
0'
b1110001 (
1/
00
b1110001 1
#4655008
0#
0,
#4660008
1#
1,
b1110001 ;
b111 =
#4662008
1'
b0101110 (
10
b0101110 1
#4665008
0#
0,
#4670008
1#
b1101111 )
1,
b1101111 2
b0101110 <
b000 =
b100 >
1?
#4672008
b1110001 (
b1110001 1
#4675008
0#
0,
#4680008
1#
b1101101 )
1,
b1101101 2
b1110001 5
b001 =
b101 >
#4682008
b0110110 (
b0110110 1
#4685008
0#
0,
#4690008
1#
b0011010 )
1,
b0011010 2
b0110110 6
b010 =
b110 >
#4692008
0'
b0101101 (
00
b0101101 1
#4695008
0#
0,
#4700008
1#
1,
b0101101 7
b011 =
#4702008
0&
b0100110 (
0/
b0100110 1
#4705008
0#
0,
#4710008
1#
1,
#4712008
1&
b1111001 (
1/
b1111001 1
#4715008
0#
0,
#4720008
1#
1,
b1111001 8
b100 =
#4722008
b1001011 (
b1001011 1
#4725008
0#
0,
#4730008
1#
1,
b1001011 9
b101 =
#4732008
b1000111 (
b1000111 1
#4735008
0#
0,
#4740008
1#
1*
1,
13
b1000111 :
b110 =
#4742008
b1000101 (
b1000101 1
#4745008
0#
0,
#4750008
1#
1,
#4752008
b0001100 (
b0001100 1
#4755008
0#
0,
#4760008
1#
1,
#4762008
b1011001 (
b1011001 1
#4765008
0#
0,
#4770008
1#
1,
#4772008
b0100000 (
b0100000 1
#4775008
0#
0,
#4780008
1#
1,
#4782008
b1110100 (
b1110100 1
#4785008
0#
0,
#4790008
1#
1,
#4792008
b0101101 (
b0101101 1
#4795008
0#
0,
#4800008
1#
1,
#4802008
b1110000 (
b1110000 1
#4805008
0#
0,
#4810008
1#
1,
#4812008
0&
b1000000 (
0/
b1000000 1
#4815008
0#
0,
#4820008
1#
1,
#4822008
1&
b0101000 (
1/
b0101000 1
#4825008
0#
0,
#4830008
1#
1,
#4832008
b1101100 (
b1101100 1
#4835008
0#
0,
#4840008
1#
1,
#4842008
b1011100 (
b1011100 1
#4845008
0#
0,
#4850008
1#
1,
#4852008
1'
b0000001 (
10
b0000001 1
#4855008
0#
0,
#4860008
1#
b1110001 )
0*
1,
b1110001 2
03
b111 >
#4862008
0'
b1001011 (
00
b1001011 1
#4865008
0#
0,
#4870008
1#
1*
1,
13
b1001011 ;
b111 =
#4872008
0&
b0111111 (
0/
b0111111 1
#4875008
0#
0,
#4880008
1#
1,
#4882008
1&
b1110001 (
1/
b1110001 1
#4885008
0#
0,
#4890008
1#
1,
#4892008
b0101110 (
b0101110 1
#4895008
0#
0,
#4900008
1#
1,
#4902008
b0010011 (
b0010011 1
#4905008
0#
0,
#4910008
1#
1,
#4912008
b1111100 (
b1111100 1
#4915008
0#
0,
#4920008
1#
1,
#4922008
1'
b1011110 (
10
b1011110 1
#4925008
0#
0,
#4930008
1#
b0101110 )
0*
1,
b0101110 2
03
b000 >
0?
#4932008
0&
b1101000 (
0/
b1101000 1
#4935008
0#
0,
#4940008
1#
b1110001 )
1,
b1110001 2
b001 >
#4942008
0'
b0000111 (
00
b0000111 1
#4945008
0#
0,
#4950008
1#
1,
#4952008
1'
b1010011 (
10
b1010011 1
#4955008
0#
0,
#4960008
1#
b0110110 )
1,
b0110110 2
b010 >
#4962008
b0101001 (
b0101001 1
#4965008
0#
0,
#4970008
1#
b0101101 )
1,
b0101101 2
b011 >
#4972008
b0110100 (
b0110100 1
#4975008
0#
0,
#4980008
1#
b1111001 )
1,
b1111001 2
b100 >
#4982008
b0100111 (
b0100111 1
#4985008
0#
0,
#4990008
1#
b1001011 )
1,
b1001011 2
b101 >
#4992008
b1101100 (
b1101100 1
#4995008
0#
0,
#5000008
1#
b1000111 )
1,
b1000111 2
b110 >
#5002008
b1110110 (
b1110110 1
#5005008
0#
0,
#5010008
1#
b1001011 )
1+
1,
b1001011 2
14
b111 >
#5012008
0'
b0111110 (
00
b0111110 1
#5015008
0#
0,
#5020008
1#
1,
#5022008
1'
b0000001 (
10
b0000001 1
#5025008
0#
0,
#5030008
1#
1,
#5032008
b1001101 (
b1001101 1
#5035008
0#
0,
#5040008
1#
1,
#5042008
1&
b1010001 (
1/
b1010001 1
#5045008
0#
0,
#5050008
1#
0+
1,
04
b1010001 <
b000 =
#5052008
b1000000 (
b1000000 1
#5055008
0#
0,
#5060008
1#
b1010001 )
1,
b1010001 2
b1000000 5
b001 =
b000 >
#5062008
0&
b1100111 (
0/
b1100111 1
#5065008
0#
0,
#5070008
1#
b1000000 )
1+
1,
b1000000 2
14
b001 >
#5072008
0'
b0101100 (
00
b0101100 1
#5075008
0#
0,
#5080008
1#
1,
#5082008
1&
1'
b1010000 (
1/
10
b1010000 1
#5085008
0#
0,
#5090008
1#
0+
1,
04
b1010000 6
b010 =
#5092008
0&
b0000011 (
0/
b0000011 1
#5095008
0#
0,
#5100008
1#
b1010000 )
1+
1,
b1010000 2
14
b010 >
#5102008
0'
b0111101 (
00
b0111101 1
#5105008
0#
0,
#5110008
1#
1,
#5112008
b0000000 (
b0000000 1
#5115008
0#
0,
#5120008
1#
1,
#5122008
1&
1'
b0011000 (
1/
10
b0011000 1
#5125008
0#
0,
#5130008
1#
0+
1,
04
b0011000 7
b011 =
#5132008
0&
b1010101 (
0/
b1010101 1
#5135008
0#
0,
#5140008
1#
b0011000 )
1+
1,
b0011000 2
14
b011 >
#5142008
b0011100 (
b0011100 1
#5145008
0#
0,
#5150008
1#
1,
#5152008
b0101111 (
b0101111 1
#5155008
0#
0,
#5160008
1#
1,
#5162008
b1010000 (
b1010000 1
#5165008
0#
0,
#5170008
1#
1,
#5172008
b0001010 (
b0001010 1
#5175008
0#
0,
#5180008
1#
1,
#5182008
1&
b0110100 (
1/
b0110100 1
#5185008
0#
0,
#5190008
1#
0+
1,
04
b0110100 8
b100 =
#5192008
0&
b0100110 (
0/
b0100110 1
#5195008
0#
0,
#5200008
1#
b0110100 )
1+
1,
b0110100 2
14
b100 >
#5202008
b1100010 (
b1100010 1
#5205008
0#
0,
#5210008
1#
1,
#5212008
b0111100 (
b0111100 1
#5215008
0#
0,
#5220008
1#
1,
#5222008
1&
0'
b1101101 (
1/
00
b1101101 1
#5225008
0#
0,
#5230008
1#
0+
1,
04
b1101101 9
b101 =
#5232008
0&
b0010010 (
0/
b0010010 1
#5235008
0#
0,
#5240008
1#
1,
#5242008
b1001011 (
b1001011 1
#5245008
0#
0,
#5250008
1#
1,
#5252008
1'
b0110111 (
10
b0110111 1
#5255008
0#
0,
#5260008
1#
b1101101 )
1+
1,
b1101101 2
14
b101 >
#5262008
1&
0'
b1001110 (
1/
00
b1001110 1
#5265008
0#
0,
#5270008
1#
0+
1,
04
b1001110 :
b110 =
#5272008
0&
b0011110 (
0/
b0011110 1
#5275008
0#
0,
#5280008
1#
1,
#5282008
1&
1'
b0001011 (
1/
10
b0001011 1
#5285008
0#
0,
#5290008
1#
b1001110 )
1,
b1001110 2
b0001011 ;
b111 =
b110 >
#5292008
0'
b0011110 (
00
b0011110 1
#5295008
0#
0,
#5300008
1#
1,
b0011110 <
b000 =
1?
#5302008
0&
b1011110 (
0/
b1011110 1
#5305008
0#
0,
#5310008
1#
1,
#5312008
b0010001 (
b0010001 1
#5315008
0#
0,
#5320008
1#
1,
#5322008
1&
b0011101 (
1/
b0011101 1
#5325008
0#
0,
#5330008
1#
1,
b0011101 5
b001 =
#5332008
0&
b1111101 (
0/
b1111101 1
#5335008
0#
0,
#5340008
1#
1,
#5342008
1'
b1001110 (
10
b1001110 1
#5345008
0#
0,
#5350008
1#
b0001011 )
1,
b0001011 2
b111 >
#5352008
b0011100 (
b0011100 1
#5355008
0#
0,
#5360008
1#
b0011110 )
1,
b0011110 2
b000 >
0?
#5362008
b1000001 (
b1000001 1
#5365008
0#
0,
#5370008
1#
b0011101 )
1+
1,
b0011101 2
14
b001 >
#5372008
b1111101 (
b1111101 1
#5375008
0#
0,
#5380008
1#
1,
#5382008
1&
0'
b1010011 (
1/
00
b1010011 1
#5385008
0#
0,
#5390008
1#
0+
1,
04
b1010011 6
b010 =
#5392008
0&
b0101011 (
0/
b0101011 1
#5395008
0#
0,
#5400008
1#
1,
#5402008
1&
b0010110 (
1/
b0010110 1
#5405008
0#
0,
#5410008
1#
1,
b0010110 7
b011 =
#5412008
1'
b1001010 (
10
b1001010 1
#5415008
0#
0,
#5420008
1#
b1010011 )
1,
b1010011 2
b1001010 8
b100 =
b010 >
#5422008
0&
0'
b1101011 (
0/
00
b1101011 1
#5425008
0#
0,
#5430008
1#
1,
#5432008
1'
b1010111 (
10
b1010111 1
#5435008
0#
0,
#5440008
1#
b0010110 )
1,
b0010110 2
b011 >
#5442008
b1101000 (
b1101000 1
#5445008
0#
0,
#5450008
1#
b1001010 )
1+
1,
b1001010 2
14
b100 >
#5452008
b1110010 (
b1110010 1
#5455008
0#
0,
#5460008
1#
1,
#5462008
0'
b0001111 (
00
b0001111 1
#5465008
0#
0,
#5470008
1#
1,
#5472008
1'
b1001011 (
10
b1001011 1
#5475008
0#
0,
#5480008
1#
1,
#5482008
0'
b1110011 (
00
b1110011 1
#5485008
0#
0,
#5490008
1#
1,
#5492008
1&
1'
b1110010 (
1/
10
b1110010 1
#5495008
0#
0,
#5500008
1#
0+
1,
04
b1110010 9
b101 =
#5502008
0&
0'
b0110101 (
0/
00
b0110101 1
#5505008
0#
0,
#5510008
1#
1,
#5512008
1&
b0011011 (
1/
b0011011 1
#5515008
0#
0,
#5520008
1#
1,
b0011011 :
b110 =
#5522008
1'
b0110000 (
10
b0110000 1
#5525008
0#
0,
#5530008
1#
b1110010 )
1,
b1110010 2
b0110000 ;
b111 =
b101 >
#5532008
b1001010 (
b1001010 1
#5535008
0#
0,
#5540008
1#
b0011011 )
1,
b0011011 2
b1001010 <
b000 =
b110 >
1?
#5542008
0&
b0000111 (
0/
b0000111 1
#5545008
0#
0,
#5550008
1#
b0110000 )
1,
b0110000 2
b111 >
#5552008
b1000100 (
b1000100 1
#5555008
0#
0,
#5560008
1#
b1001010 )
1+
1,
b1001010 2
14
b000 >
0?
#5562008
0'
b0010011 (
00
b0010011 1
#5565008
0#
0,
#5570008
1#
1,
#5572008
b0111010 (
b0111010 1
#5575008
0#
0,
#5580008
1#
1,
#5582008
1&
b0000010 (
1/
b0000010 1
#5585008
0#
0,
#5590008
1#
0+
1,
04
b0000010 5
b001 =
#5592008
b1001010 (
b1001010 1
#5595008
0#
0,
#5600008
1#
1,
b1001010 6
b010 =
#5602008
b1101011 (
b1101011 1
#5605008
0#
0,
#5610008
1#
1,
b1101011 7
b011 =
#5612008
b0001100 (
b0001100 1
#5615008
0#
0,
#5620008
1#
1,
b0001100 8
b100 =
#5622008
1'
b1001000 (
10
b1001000 1
#5625008
0#
0,
#5630008
1#
b0000010 )
1,
b0000010 2
b1001000 9
b101 =
b001 >
#5632008
b1101101 (
b1101101 1
#5635008
0#
0,
#5640008
1#
b1001010 )
1,
b1001010 2
b1101101 :
b110 =
b010 >
#5642008
0'
b0000101 (
00
b0000101 1
#5645008
0#
0,
#5650008
1#
1,
b0000101 ;
b111 =
#5652008
b1000111 (
b1000111 1
#5655008
0#
0,
#5660008
1#
1,
b1000111 <
b000 =
1?
#5662008
b1101010 (
b1101010 1
#5665008
0#
0,
#5670008
1#
1,
b1101010 5
b001 =
#5672008
0%
0&
b0110000 (
b0000000 )
1+
0.
0/
b0110000 1
b0000000 2
14
b000 =
b000 >
0?
#5675008
0#
0,
#5680008
1#
1,
#5682008
b0110001 (
b0110001 1
#5685008
0#
0,
#5690008
1#
1,
#5692008
b0110010 (
b0110010 1
#5695008
0#
0,
#5700008
1#
1,
#5702008
1%
1&
b1110101 (
1.
1/
b1110101 1
#5705008
0#
0,
#5710008
1#
0+
1,
04
b1110101 5
b001 =
#5712008
0&
b0000010 (
0/
b0000010 1
#5715008
0#
0,
#5720008
1#
1,
#5722008
1&
b0000110 (
1/
b0000110 1
#5725008
0#
0,
#5730008
1#
1,
b0000110 6
b010 =
#5732008
b0110010 (
b0110010 1
#5735008
0#
0,
#5740008
1#
1,
b0110010 7
b011 =
#5742008
1'
b0000101 (
10
b0000101 1
#5745008
0#
0,
#5750008
1#
b1110101 )
1,
b1110101 2
b0000101 8
b100 =
b001 >
#5752008
b1101010 (
b1101010 1
#5755008
0#
0,
#5760008
1#
b0000110 )
1,
b0000110 2
b1101010 9
b101 =
b010 >
#5762008
0&
0'
b0011011 (
0/
00
b0011011 1
#5765008
0#
0,
#5770008
1#
1,
#5772008
1'
b0100001 (
10
b0100001 1
#5775008
0#
0,
#5780008
1#
b0110010 )
1,
b0110010 2
b011 >
#5782008
1&
0'
b1110110 (
1/
00
b1110110 1
#5785008
0#
0,
#5790008
1#
1,
b1110110 :
b110 =
#5792008
b0100100 (
b0100100 1
#5795008
0#
0,
#5800008
1#
1,
b0100100 ;
b111 =
#5802008
0&
1'
b1111010 (
0/
10
b1111010 1
#5805008
0#
0,
#5810008
1#
b0000101 )
1,
b0000101 2
b100 >
#5812008
1&
b1111101 (
1/
b1111101 1
#5815008
0#
0,
#5820008
1#
b1101010 )
1,
b1101010 2
b1111101 <
b000 =
b101 >
1?
#5822008
0&
0'
b0110000 (
0/
00
b0110000 1
#5825008
0#
0,
#5830008
1#
1,
#5832008
1&
b0001100 (
1/
b0001100 1
#5835008
0#
0,
#5840008
1#
1,
b0001100 5
b001 =
#5842008
b1010111 (
b1010111 1
#5845008
0#
0,
#5850008
1#
1,
b1010111 6
b010 =
#5852008
b1000011 (
b1000011 1
#5855008
0#
0,
#5860008
1#
1,
b1000011 7
b011 =
#5862008
b1001100 (
b1001100 1
#5865008
0#
0,
#5870008
1#
1,
b1001100 8
b100 =
#5872008
1'
b1011011 (
10
b1011011 1
#5875008
0#
0,
#5880008
1#
b1110110 )
1,
b1110110 2
b1011011 9
b101 =
b110 >
#5882008
0'
b1101001 (
00
b1101001 1
#5885008
0#
0,
#5890008
1#
1*
1,
13
b1101001 :
b110 =
#5892008
0&
b1111101 (
0/
b1111101 1
#5895008
0#
0,
#5900008
1#
1,
#5902008
1'
b1100110 (
10
b1100110 1
#5905008
0#
0,
#5910008
1#
b0100100 )
0*
1,
b0100100 2
03
b111 >
#5912008
b0011100 (
b0011100 1
#5915008
0#
0,
#5920008
1#
b1111101 )
1,
b1111101 2
b000 >
0?
#5922008
b1011100 (
b1011100 1
#5925008
0#
0,
#5930008
1#
b0001100 )
1,
b0001100 2
b001 >
#5932008
b1011001 (
b1011001 1
#5935008
0#
0,
#5940008
1#
b1010111 )
1,
b1010111 2
b010 >
#5945008
0#
0,
#5950008
1#
b1000011 )
1,
b1000011 2
b011 >
#5952008
1&
b1100110 (
1/
b1100110 1
#5955008
0#
0,
#5960008
1#
b1001100 )
1,
b1001100 2
b1100110 ;
b111 =
b100 >
#5962008
0&
b0110011 (
0/
b0110011 1
#5965008
0#
0,
#5970008
1#
b1011011 )
1,
b1011011 2
b101 >
#5972008
b0100100 (
b0100100 1
#5975008
0#
0,
#5980008
1#
b1101001 )
1,
b1101001 2
b110 >
#5982008
b0101010 (
b0101010 1
#5985008
0#
0,
#5990008
1#
b1100110 )
1+
1,
b1100110 2
14
b111 >
#5992008
b1100101 (
b1100101 1
#5995008
0#
0,
#6000008
1#
1,
#6002008
b1010101 (
b1010101 1
#6005008
0#
0,
#6010008
1#
1,
#6012008
1&
b0101010 (
1/
b0101010 1
#6015008
0#
0,
#6020008
1#
0+
1,
04
b0101010 <
b000 =
#6022008
0&
0'
b0001111 (
0/
00
b0001111 1
#6025008
0#
0,
#6030008
1#
1,
#6032008
1&
1'
b0010010 (
1/
10
b0010010 1
#6035008
0#
0,
#6040008
1#
b0101010 )
1,
b0101010 2
b0010010 5
b001 =
b000 >
#6042008
0&
b0011010 (
0/
b0011010 1
#6045008
0#
0,
#6050008
1#
b0010010 )
1+
1,
b0010010 2
14
b001 >
#6052008
1&
b1100110 (
1/
b1100110 1
#6055008
0#
0,
#6060008
1#
0+
1,
04
b1100110 6
b010 =
#6062008
b1100011 (
b1100011 1
#6065008
0#
0,
#6070008
1#
b1100110 )
1,
b1100110 2
b1100011 7
b011 =
b010 >
#6072008
0'
b0011010 (
00
b0011010 1
#6075008
0#
0,
#6080008
1#
1,
b0011010 8
b100 =
#6082008
0&
1'
b1001111 (
0/
10
b1001111 1
#6085008
0#
0,
#6090008
1#
b1100011 )
1,
b1100011 2
b011 >
#6092008
b0010101 (
b0010101 1
#6095008
0#
0,
#6100008
1#
b0011010 )
1+
1,
b0011010 2
14
b100 >
#6102008
b0010010 (
b0010010 1
#6105008
0#
0,
#6110008
1#
1,
#6112008
0'
b1011011 (
00
b1011011 1
#6115008
0#
0,
#6120008
1#
1,
#6122008
1'
b1101011 (
10
b1101011 1
#6125008
0#
0,
#6130008
1#
1,
#6132008
0'
b1111010 (
00
b1111010 1
#6135008
0#
0,
#6140008
1#
1,
#6142008
1'
b0001110 (
10
b0001110 1
#6145008
0#
0,
#6150008
1#
1,
#6152008
1&
0'
b1011011 (
1/
00
b1011011 1
#6155008
0#
0,
#6160008
1#
0+
1,
04
b101 =
#6162008
0&
1'
b0100000 (
0/
10
b0100000 1
#6165008
0#
0,
#6170008
1#
b1011011 )
1+
1,
b1011011 2
14
b101 >
#6172008
b0110001 (
b0110001 1
#6175008
0#
0,
#6180008
1#
1,
#6182008
1&
b0110010 (
1/
b0110010 1
#6185008
0#
0,
#6190008
1#
0+
1,
04
b0110010 :
b110 =
#6192008
0&
b1001011 (
0/
b1001011 1
#6195008
0#
0,
#6200008
1#
b0110010 )
1+
1,
b0110010 2
14
b110 >
#6202008
b1101101 (
b1101101 1
#6205008
0#
0,
#6210008
1#
1,
#6212008
b1011111 (
b1011111 1
#6215008
0#
0,
#6220008
1#
1,
#6222008
1&
b1000110 (
1/
b1000110 1
#6225008
0#
0,
#6230008
1#
0+
1,
04
b1000110 ;
b111 =
#6232008
0&
0'
b0010010 (
0/
00
b0010010 1
#6235008
0#
0,
#6240008
1#
1,
#6242008
b1010100 (
b1010100 1
#6245008
0#
0,
#6250008
1#
1,
#6252008
1&
b1011011 (
1/
b1011011 1
#6255008
0#
0,
#6260008
1#
1,
b1011011 <
b000 =
1?
#6262008
1'
b0100100 (
10
b0100100 1
#6265008
0#
0,
#6270008
1#
b1000110 )
1,
b1000110 2
b0100100 5
b001 =
b111 >
#6272008
b0100010 (
b0100010 1
#6275008
0#
0,
#6280008
1#
b1011011 )
1,
b1011011 2
b0100010 6
b010 =
b000 >
0?
#6282008
b0001010 (
b0001010 1
#6285008
0#
0,
#6290008
1#
b0100100 )
1,
b0100100 2
b0001010 7
b011 =
b001 >
#6292008
0&
0'
b1000011 (
0/
00
b1000011 1
#6295008
0#
0,
#6300008
1#
1,
#6302008
1&
1'
b1100011 (
1/
10
b1100011 1
#6305008
0#
0,
#6310008
1#
b0100010 )
1,
b0100010 2
b1100011 8
b100 =
b010 >
#6312008
b1011000 (
b1011000 1
#6315008
0#
0,
#6320008
1#
b0001010 )
1,
b0001010 2
b1011000 9
b101 =
b011 >
#6322008
b1111110 (
b1111110 1
#6325008
0#
0,
#6330008
1#
b1100011 )
1,
b1100011 2
b1111110 :
b110 =
b100 >
#6332008
0'
b0110001 (
00
b0110001 1
#6335008
0#
0,
#6340008
1#
1,
b0110001 ;
b111 =
#6342008
0&
1'
b0010010 (
0/
10
b0010010 1
#6345008
0#
0,
#6350008
1#
b1011000 )
1,
b1011000 2
b101 >
#6352008
b0000000 (
b0000000 1
#6355008
0#
0,
#6360008
1#
b1111110 )
1,
b1111110 2
b110 >
#6362008
b1010011 (
b1010011 1
#6365008
0#
0,
#6370008
1#
b0110001 )
1+
1,
b0110001 2
14
b111 >
#6372008
1&
0'
b0110011 (
1/
00
b0110011 1
#6375008
0#
0,
#6380008
1#
0+
1,
04
b0110011 <
b000 =
1?
#6382008
1'
b1000011 (
10
b1000011 1
#6385008
0#
0,
#6390008
1#
b0110011 )
1,
b0110011 2
b1000011 5
b001 =
b000 >
0?
#6392008
b0011110 (
b0011110 1
#6395008
0#
0,
#6400008
1#
b1000011 )
1,
b1000011 2
b0011110 6
b010 =
b001 >
#6402008
0&
0'
b1000101 (
0/
00
b1000101 1
#6405008
0#
0,
#6410008
1#
1,
#6412008
1&
1'
b1100010 (
1/
10
b1100010 1
#6415008
0#
0,
#6420008
1#
b0011110 )
1,
b0011110 2
b1100010 7
b011 =
b010 >
#6422008
0&
b0000010 (
0/
b0000010 1
#6425008
0#
0,
#6430008
1#
b1100010 )
1+
1,
b1100010 2
14
b011 >
#6432008
b1111000 (
b1111000 1
#6435008
0#
0,
#6440008
1#
1,
#6442008
1&
b0100101 (
1/
b0100101 1
#6445008
0#
0,
#6450008
1#
0+
1,
04
b0100101 8
b100 =
#6452008
0&
b0010101 (
0/
b0010101 1
#6455008
0#
0,
#6460008
1#
b0100101 )
1+
1,
b0100101 2
14
b100 >
#6462008
1&
b0100001 (
1/
b0100001 1
#6465008
0#
0,
#6470008
1#
0+
1,
04
b0100001 9
b101 =
#6472008
0&
0'
b1100000 (
0/
00
b1100000 1
#6475008
0#
0,
#6480008
1#
1,
#6482008
1&
1'
b1110001 (
1/
10
b1110001 1
#6485008
0#
0,
#6490008
1#
b0100001 )
1,
b0100001 2
b1110001 :
b110 =
b101 >
#6492008
0&
b1000101 (
0/
b1000101 1
#6495008
0#
0,
#6500008
1#
b1110001 )
1+
1,
b1110001 2
14
b110 >
#6502008
1&
b1010011 (
1/
b1010011 1
#6505008
0#
0,
#6510008
1#
0+
1,
04
b1010011 ;
b111 =
#6512008
b1001110 (
b1001110 1
#6515008
0#
0,
#6520008
1#
b1010011 )
1,
b1010011 2
b1001110 <
b000 =
b111 >
1?
#6522008
b1110100 (
b1110100 1
#6525008
0#
0,
#6530008
1#
b1001110 )
1,
b1001110 2
b1110100 5
b001 =
b000 >
0?
#6532008
0&
b0100100 (
0/
b0100100 1
#6535008
0#
0,
#6540008
1#
b1110100 )
1+
1,
b1110100 2
14
b001 >
#6542008
1&
0'
b1111011 (
1/
00
b1111011 1
#6545008
0#
0,
#6550008
1#
0+
1,
04
b1111011 6
b010 =
#6552008
b1101110 (
b1101110 1
#6555008
0#
0,
#6560008
1#
1,
b1101110 7
b011 =
#6562008
b1000010 (
b1000010 1
#6565008
0#
0,
#6570008
1#
1,
b1000010 8
b100 =
#6572008
1'
b0001011 (
10
b0001011 1
#6575008
0#
0,
#6580008
1#
b1111011 )
1,
b1111011 2
b0001011 9
b101 =
b010 >
#6582008
0'
b0000110 (
00
b0000110 1
#6585008
0#
0,
#6590008
1#
1,
b0000110 :
b110 =
#6592008
b1011110 (
b1011110 1
#6595008
0#
0,
#6600008
1#
1,
b1011110 ;
b111 =
#6602008
b0001011 (
b0001011 1
#6605008
0#
0,
#6610008
1#
1,
b0001011 <
b000 =
1?
#6612008
0&
b1100110 (
0/
b1100110 1
#6615008
0#
0,
#6620008
1#
1,
#6622008
1&
b0001000 (
1/
b0001000 1
#6625008
0#
0,
#6630008
1#
1,
b0001000 5
b001 =
#6632008
0&
b1100000 (
0/
b1100000 1
#6635008
0#
0,
#6640008
1#
1,
#6642008
1&
b1001111 (
1/
b1001111 1
#6645008
0#
0,
#6650008
1#
1*
1,
13
b1001111 6
b010 =
#6652008
b0101100 (
b0101100 1
#6655008
0#
0,
#6660008
1#
1,
#6662008
b1100111 (
b1100111 1
#6665008
0#
0,
#6670008
1#
1,
#6672008
b0100111 (
b0100111 1
#6675008
0#
0,
#6680008
1#
1,
#6682008
b0000011 (
b0000011 1
#6685008
0#
0,
#6690008
1#
1,
#6692008
b1101101 (
b1101101 1
#6695008
0#
0,
#6700008
1#
1,
#6702008
b1000111 (
b1000111 1
#6705008
0#
0,
#6710008
1#
1,
#6712008
0&
0/
#6715008
0#
0,
#6720008
1#
1,
#6722008
1&
b0010101 (
1/
b0010101 1
#6725008
0#
0,
#6730008
1#
1,
#6732008
b1100101 (
b1100101 1
#6735008
0#
0,
#6740008
1#
1,
#6742008
1'
b1100110 (
10
b1100110 1
#6745008
0#
0,
#6750008
1#
b1101110 )
0*
1,
b1101110 2
03
b011 >
#6752008
0'
b0010101 (
00
b0010101 1
#6755008
0#
0,
#6760008
1#
1*
1,
13
b0010101 7
b011 =
#6762008
0&
b0100110 (
0/
b0100110 1
#6765008
0#
0,
#6770008
1#
1,
#6772008
1&
b1110011 (
1/
b1110011 1
#6775008
0#
0,
#6780008
1#
1,
#6782008
b1010000 (
b1010000 1
#6785008
0#
0,
#6790008
1#
1,
#6792008
0&
b0001001 (
0/
b0001001 1
#6795008
0#
0,
#6800008
1#
1,
#6802008
b0100001 (
b0100001 1
#6805008
0#
0,
#6810008
1#
1,
#6812008
1&
b0111100 (
1/
b0111100 1
#6815008
0#
0,
#6820008
1#
1,
#6822008
b0101001 (
b0101001 1
#6825008
0#
0,
#6830008
1#
1,
#6832008
b1111001 (
b1111001 1
#6835008
0#
0,
#6840008
1#
1,
#6842008
b0100110 (
b0100110 1
#6845008
0#
0,
#6850008
1#
1,
#6852008
0&
b0001010 (
0/
b0001010 1
#6855008
0#
0,
#6860008
1#
1,
#6862008
1&
1'
b0010010 (
1/
10
b0010010 1
#6865008
0#
0,
#6870008
1#
b1000010 )
0*
1,
b1000010 2
03
b100 >
#6872008
b1011101 (
b1011101 1
#6875008
0#
0,
#6880008
1#
b0001011 )
1,
b0001011 2
b1011101 8
b100 =
b101 >
#6882008
0&
b1100110 (
0/
b1100110 1
#6885008
0#
0,
#6890008
1#
b0000110 )
1,
b0000110 2
b110 >
#6892008
b1001000 (
b1001000 1
#6895008
0#
0,
#6900008
1#
b1011110 )
1,
b1011110 2
b111 >
#6902008
b1110011 (
b1110011 1
#6905008
0#
0,
#6910008
1#
b0001011 )
1,
b0001011 2
b000 >
0?
#6912008
b0001110 (
b0001110 1
#6915008
0#
0,
#6920008
1#
b0001000 )
1,
b0001000 2
b001 >
#6922008
1&
0'
b1000111 (
1/
00
b1000111 1
#6925008
0#
0,
#6930008
1#
1,
b1000111 9
b101 =
#6932008
0&
1'
b0111000 (
0/
10
b0111000 1
#6935008
0#
0,
#6940008
1#
b1001111 )
1,
b1001111 2
b010 >
#6942008
0'
b1010100 (
00
b1010100 1
#6945008
0#
0,
#6950008
1#
1,
#6952008
1'
b1101101 (
10
b1101101 1
#6955008
0#
0,
#6960008
1#
b0010101 )
1,
b0010101 2
b011 >
#6962008
b0101101 (
b0101101 1
#6965008
0#
0,
#6970008
1#
b1011101 )
1,
b1011101 2
b100 >
#6972008
1&
b0110110 (
1/
b0110110 1
#6975008
0#
0,
#6980008
1#
b1000111 )
1,
b1000111 2
b0110110 :
b110 =
b101 >
#6982008
b0011000 (
b0011000 1
#6985008
0#
0,
#6990008
1#
b0110110 )
1,
b0110110 2
b0011000 ;
b111 =
b110 >
#6992008
0&
0'
b1010010 (
0/
00
b1010010 1
#6995008
0#
0,
#7000008
1#
1,
#7002008
1'
b0110001 (
10
b0110001 1
#7005008
0#
0,
#7010008
1#
b0011000 )
1+
1,
b0011000 2
14
b111 >
#7012008
1&
0'
b1100001 (
1/
00
b1100001 1
#7015008
0#
0,
#7020008
1#
0+
1,
04
b1100001 <
b000 =
1?
#7022008
0&
1'
b1111010 (
0/
10
b1111010 1
#7025008
0#
0,
#7030008
1#
b1100001 )
1+
1,
b1100001 2
14
b000 >
0?
#7032008
b1100011 (
b1100011 1
#7035008
0#
0,
#7040008
1#
1,
#7042008
b0100001 (
b0100001 1
#7045008
0#
0,
#7050008
1#
1,
#7052008
1&
0'
b1111111 (
1/
00
b1111111 1
#7055008
0#
0,
#7060008
1#
0+
1,
04
b1111111 5
b001 =
#7062008
1'
b1011010 (
10
b1011010 1
#7065008
0#
0,
#7070008
1#
b1111111 )
1,
b1111111 2
b1011010 6
b010 =
b001 >
#7072008
0&
b1111000 (
0/
b1111000 1
#7075008
0#
0,
#7080008
1#
b1011010 )
1+
1,
b1011010 2
14
b010 >
#7082008
b0101101 (
b0101101 1
#7085008
0#
0,
#7090008
1#
1,
#7092008
b1110000 (
b1110000 1
#7095008
0#
0,
#7100008
1#
1,
#7102008
b0011010 (
b0011010 1
#7105008
0#
0,
#7110008
1#
1,
#7112008
1&
b0100010 (
1/
b0100010 1
#7115008
0#
0,
#7120008
1#
0+
1,
04
b0100010 7
b011 =
#7122008
0&
b0100001 (
0/
b0100001 1
#7125008
0#
0,
#7130008
1#
b0100010 )
1+
1,
b0100010 2
14
b011 >
#7132008
1&
b0111110 (
1/
b0111110 1
#7135008
0#
0,
#7140008
1#
0+
1,
04
b0111110 8
b100 =
#7142008
0&
0'
b1111010 (
0/
00
b1111010 1
#7145008
0#
0,
#7150008
1#
1,
#7152008
b0100000 (
b0100000 1
#7155008
0#
0,
#7160008
1#
1,
#7162008
1'
b1010000 (
10
b1010000 1
#7165008
0#
0,
#7170008
1#
b0111110 )
1+
1,
b0111110 2
14
b100 >
#7172008
b1001101 (
b1001101 1
#7175008
0#
0,
#7180008
1#
1,
#7182008
1&
b0111110 (
1/
b0111110 1
#7185008
0#
0,
#7190008
1#
0+
1,
04
b0111110 9
b101 =
#7192008
0'
b1111001 (
00
b1111001 1
#7195008
0#
0,
#7200008
1#
1,
b1111001 :
b110 =
#7202008
1'
b1110010 (
10
b1110010 1
#7205008
0#
0,
#7210008
1#
1,
b1110010 ;
b111 =
b101 >
#7212008
0&
0'
b0111101 (
0/
00
b0111101 1
#7215008
0#
0,
#7220008
1#
1,
#7222008
1&
b1111110 (
1/
b1111110 1
#7225008
0#
0,
#7230008
1#
1,
b1111110 <
b000 =
1?
#7232008
0&
1'
b1010000 (
0/
10
b1010000 1
#7235008
0#
0,
#7240008
1#
b1111001 )
1,
b1111001 2
b110 >
#7242008
b0111010 (
b0111010 1
#7245008
0#
0,
#7250008
1#
b1110010 )
1,
b1110010 2
b111 >
#7252008
0'
b1000010 (
00
b1000010 1
#7255008
0#
0,
#7260008
1#
1,
#7262008
1&
b1110011 (
1/
b1110011 1
#7265008
0#
0,
#7270008
1#
1,
b1110011 5
b001 =
#7272008
0&
1'
b0101101 (
0/
10
b0101101 1
#7275008
0#
0,
#7280008
1#
b1111110 )
1,
b1111110 2
b000 >
0?
#7282008
b0110010 (
b0110010 1
#7285008
0#
0,
#7290008
1#
b1110011 )
1+
1,
b1110011 2
14
b001 >
#7292008
0'
b0111000 (
00
b0111000 1
#7295008
0#
0,
#7300008
1#
1,
#7302008
1&
b0001000 (
1/
b0001000 1
#7305008
0#
0,
#7310008
1#
0+
1,
04
b0001000 6
b010 =
#7312008
0&
b0100101 (
0/
b0100101 1
#7315008
0#
0,
#7320008
1#
1,
#7322008
b1111001 (
b1111001 1
#7325008
0#
0,
#7330008
1#
1,
#7332008
1&
b0100001 (
1/
b0100001 1
#7335008
0#
0,
#7340008
1#
1,
b0100001 7
b011 =
#7342008
0&
1'
b1111101 (
0/
10
b1111101 1
#7345008
0#
0,
#7350008
1#
b0001000 )
1,
b0001000 2
b010 >
#7352008
b1110101 (
b1110101 1
#7355008
0#
0,
#7360008
1#
b0100001 )
1+
1,
b0100001 2
14
b011 >
#7362008
b1010010 (
b1010010 1
#7365008
0#
0,
#7370008
1#
1,
#7372008
0'
b1011001 (
00
b1011001 1
#7375008
0#
0,
#7380008
1#
1,
#7382008
1'
b1110010 (
10
b1110010 1
#7385008
0#
0,
#7390008
1#
1,
#7392008
b0100010 (
b0100010 1
#7395008
0#
0,
#7400008
1#
1,
#7402008
b0001001 (
b0001001 1
#7405008
0#
0,
#7410008
1#
1,
#7412008
b1011000 (
b1011000 1
#7415008
0#
0,
#7420008
1#
1,
#7422008
0'
b0001110 (
00
b0001110 1
#7425008
0#
0,
#7430008
1#
1,
#7432008
1&
1'
b0011000 (
1/
10
b0011000 1
#7435008
0#
0,
#7440008
1#
0+
1,
04
b0011000 8
b100 =
#7442008
0&
b1001000 (
0/
b1001000 1
#7445008
0#
0,
#7450008
1#
b0011000 )
1+
1,
b0011000 2
14
b100 >
#7452008
0'
b0111111 (
00
b0111111 1
#7455008
0#
0,
#7460008
1#
1,
#7462008
b0011110 (
b0011110 1
#7465008
0#
0,
#7470008
1#
1,
#7472008
1&
1'
b0110111 (
1/
10
b0110111 1
#7475008
0#
0,
#7480008
1#
0+
1,
04
b0110111 9
b101 =
#7482008
b1111100 (
b1111100 1
#7485008
0#
0,
#7490008
1#
b0110111 )
1,
b0110111 2
b1111100 :
b110 =
b101 >
#7492008
0&
b1101001 (
0/
b1101001 1
#7495008
0#
0,
#7500008
1#
b1111100 )
1+
1,
b1111100 2
14
b110 >
#7502008
1&
b1001000 (
1/
b1001000 1
#7505008
0#
0,
#7510008
1#
0+
1,
04
b1001000 ;
b111 =
#7512008
0'
b1011100 (
00
b1011100 1
#7515008
0#
0,
#7520008
1#
1,
b1011100 <
b000 =
1?
#7522008
b1111001 (
b1111001 1
#7525008
0#
0,
#7530008
1#
1,
b1111001 5
b001 =
#7532008
1'
b1011100 (
10
b1011100 1
#7535008
0#
0,
#7540008
1#
b1001000 )
1,
b1001000 2
b1011100 6
b010 =
b111 >
#7542008
0'
b1011101 (
00
b1011101 1
#7545008
0#
0,
#7550008
1#
1,
b1011101 7
b011 =
#7552008
1'
b1111101 (
10
b1111101 1
#7555008
0#
0,
#7560008
1#
b1011100 )
1,
b1011100 2
b1111101 8
b100 =
b000 >
0?
#7562008
b0110010 (
b0110010 1
#7565008
0#
0,
#7570008
1#
b1111001 )
1,
b1111001 2
b0110010 9
b101 =
b001 >
#7572008
0'
b0110101 (
00
b0110101 1
#7575008
0#
0,
#7580008
1#
1,
b0110101 :
b110 =
#7582008
0&
b0100101 (
0/
b0100101 1
#7585008
0#
0,
#7590008
1#
1,
#7592008
1&
b1100011 (
1/
b1100011 1
#7595008
0#
0,
#7600008
1#
1,
b1100011 ;
b111 =
#7602008
b0100011 (
b0100011 1
#7605008
0#
0,
#7610008
1#
1,
b0100011 <
b000 =
1?
#7612008
0&
1'
b0101110 (
0/
10
b0101110 1
#7615008
0#
0,
#7620008
1#
b1011100 )
1,
b1011100 2
b010 >
#7622008
1&
0'
b0110010 (
1/
00
b0110010 1
#7625008
0#
0,
#7630008
1#
1,
b0110010 5
b001 =
#7632008
b1101100 (
b1101100 1
#7635008
0#
0,
#7640008
1#
1*
1,
13
b1101100 6
b010 =
#7642008
b0010110 (
b0010110 1
#7645008
0#
0,
#7650008
1#
1,
#7652008
b0010001 (
b0010001 1
#7655008
0#
0,
#7660008
1#
1,
#7662008
b1100011 (
b1100011 1
#7665008
0#
0,
#7670008
1#
1,
#7672008
0&
1'
b0110010 (
0/
10
b0110010 1
#7675008
0#
0,
#7680008
1#
b1011101 )
0*
1,
b1011101 2
03
b011 >
#7682008
1&
0'
b1001110 (
1/
00
b1001110 1
#7685008
0#
0,
#7690008
1#
1*
1,
13
b1001110 7
b011 =
#7692008
1'
b0000001 (
10
b0000001 1
#7695008
0#
0,
#7700008
1#
b1111101 )
0*
1,
b1111101 2
03
b100 >
#7702008
0'
b1000100 (
00
b1000100 1
#7705008
0#
0,
#7710008
1#
1*
1,
13
b1000100 8
b100 =
#7712008
b0000000 (
b0000000 1
#7715008
0#
0,
#7720008
1#
1,
#7722008
b1111011 (
b1111011 1
#7725008
0#
0,
#7730008
1#
1,
#7732008
b0111000 (
b0111000 1
#7735008
0#
0,
#7740008
1#
1,
#7742008
b1111100 (
b1111100 1
#7745008
0#
0,
#7750008
1#
1,
#7752008
b1101100 (
b1101100 1
#7755008
0#
0,
#7760008
1#
1,
#7762008
b0011110 (
b0011110 1
#7765008
0#
0,
#7770008
1#
1,
#7772008
1'
b1000110 (
10
b1000110 1
#7775008
0#
0,
#7780008
1#
b0110010 )
0*
1,
b0110010 2
03
b101 >
#7782008
b1001111 (
b1001111 1
#7785008
0#
0,
#7790008
1#
b0110101 )
1,
b0110101 2
b1001111 9
b101 =
b110 >
#7792008
0'
b0001001 (
00
b0001001 1
#7795008
0#
0,
#7800008
1#
1*
1,
13
b0001001 :
b110 =
#7802008
0&
b1001011 (
0/
b1001011 1
#7805008
0#
0,
#7810008
1#
1,
#7812008
b1010001 (
b1010001 1
#7815008
0#
0,
#7820008
1#
1,
#7822008
1'
b0100001 (
10
b0100001 1
#7825008
0#
0,
#7830008
1#
b1100011 )
0*
1,
b1100011 2
03
b111 >
#7832008
b0111100 (
b0111100 1
#7835008
0#
0,
#7840008
1#
b0100011 )
1,
b0100011 2
b000 >
0?
#7842008
b1001011 (
b1001011 1
#7845008
0#
0,
#7850008
1#
b0110010 )
1,
b0110010 2
b001 >
#7852008
1&
b1001000 (
1/
b1001000 1
#7855008
0#
0,
#7860008
1#
b1101100 )
1,
b1101100 2
b1001000 ;
b111 =
b010 >
#7862008
0&
0'
b1111110 (
0/
00
b1111110 1
#7865008
0#
0,
#7870008
1#
1,
#7872008
1'
b0010001 (
10
b0010001 1
#7875008
0#
0,
#7880008
1#
b1001110 )
1,
b1001110 2
b011 >
#7882008
b0010010 (
b0010010 1
#7885008
0#
0,
#7890008
1#
b1000100 )
1,
b1000100 2
b100 >
#7892008
0'
b0100011 (
00
b0100011 1
#7895008
0#
0,
#7900008
1#
1,
#7902008
1'
b1111100 (
10
b1111100 1
#7905008
0#
0,
#7910008
1#
b1001111 )
1,
b1001111 2
b101 >
#7912008
1&
0'
b1111011 (
1/
00
b1111011 1
#7915008
0#
0,
#7920008
1#
1,
b1111011 <
b000 =
1?
#7922008
0&
1'
b0011001 (
0/
10
b0011001 1
#7925008
0#
0,
#7930008
1#
b0001001 )
1,
b0001001 2
b110 >
#7932008
1&
b1011011 (
1/
b1011011 1
#7935008
0#
0,
#7940008
1#
b1001000 )
1,
b1001000 2
b1011011 5
b001 =
b111 >
#7942008
0&
b0110011 (
0/
b0110011 1
#7945008
0#
0,
#7950008
1#
b1111011 )
1,
b1111011 2
b000 >
0?
#7952008
b0000011 (
b0000011 1
#7955008
0#
0,
#7960008
1#
b1011011 )
1+
1,
b1011011 2
14
b001 >
#7962008
b0000100 (
b0000100 1
#7965008
0#
0,
#7970008
1#
1,
#7972008
b0000000 (
b0000000 1
#7975008
0#
0,
#7980008
1#
1,
#7982008
0'
b0011010 (
00
b0011010 1
#7985008
0#
0,
#7990008
1#
1,
#7992008
1'
b1011101 (
10
b1011101 1
#7995008
0#
0,
#8000008
1#
1,
#8002008
0'
b1100011 (
00
b1100011 1
#8005008
0#
0,
#8010008
1#
1,
#8012008
b1011100 (
b1011100 1
#8015008
0#
0,
#8020008
1#
1,
#8022008
1'
b0100101 (
10
b0100101 1
#8025008
0#
0,
#8030008
1#
1,
#8032008
b0111111 (
b0111111 1
#8035008
0#
0,
#8040008
1#
1,
#8042008
b1001010 (
b1001010 1
#8045008
0#
0,
#8050008
1#
1,
#8052008
b0001101 (
b0001101 1
#8055008
0#
0,
#8060008
1#
1,
#8062008
1&
b0110011 (
1/
b0110011 1
#8065008
0#
0,
#8070008
1#
0+
1,
04
b0110011 6
b010 =
#8072008
0&
b1011011 (
0/
b1011011 1
#8075008
0#
0,
#8080008
1#
b0110011 )
1+
1,
b0110011 2
14
b010 >
#8082008
0'
b0100101 (
00
b0100101 1
#8085008
0#
0,
#8090008
1#
1,
#8092008
1'
b1011101 (
10
b1011101 1
#8095008
0#
0,
#8100008
1#
1,
#8102008
b0100010 (
b0100010 1
#8105008
0#
0,
#8110008
1#
1,
#8112008
b0100111 (
b0100111 1
#8115008
0#
0,
#8120008
1#
1,
#8122008
1&
b0001100 (
1/
b0001100 1
#8125008
0#
0,
#8130008
1#
0+
1,
04
b0001100 7
b011 =
#8132008
0&
b0101111 (
0/
b0101111 1
#8135008
0#
0,
#8140008
1#
b0001100 )
1+
1,
b0001100 2
14
b011 >
#8142008
1&
b1011100 (
1/
b1011100 1
#8145008
0#
0,
#8150008
1#
0+
1,
04
b1011100 8
b100 =
#8152008
0&
b1001101 (
0/
b1001101 1
#8155008
0#
0,
#8160008
1#
b1011100 )
1+
1,
b1011100 2
14
b100 >
#8162008
b1100011 (
b1100011 1
#8165008
0#
0,
#8170008
1#
1,
#8172008
1&
0'
b0001110 (
1/
00
b0001110 1
#8175008
0#
0,
#8180008
1#
0+
1,
04
b0001110 9
b101 =
#8182008
0&
b0001000 (
0/
b0001000 1
#8185008
0#
0,
#8190008
1#
1,
#8192008
1'
b0010110 (
10
b0010110 1
#8195008
0#
0,
#8200008
1#
b0001110 )
1+
1,
b0001110 2
14
b101 >
#8202008
1&
b1111110 (
1/
b1111110 1
#8205008
0#
0,
#8210008
1#
0+
1,
04
b1111110 :
b110 =
#8212008
0'
b0111111 (
00
b0111111 1
#8215008
0#
0,
#8220008
1#
1,
b0111111 ;
b111 =
#8222008
1'
b0100111 (
10
b0100111 1
#8225008
0#
0,
#8230008
1#
b1111110 )
1,
b1111110 2
b0100111 <
b000 =
b110 >
1?
#8232008
0'
b0000000 (
00
b0000000 1
#8235008
0#
0,
#8240008
1#
1,
b0000000 5
b001 =
#8242008
1'
b0000111 (
10
b0000111 1
#8245008
0#
0,
#8250008
1#
b0111111 )
1,
b0111111 2
b0000111 6
b010 =
b111 >
#8252008
b0010101 (
b0010101 1
#8255008
0#
0,
#8260008
1#
b0100111 )
1,
b0100111 2
b0010101 7
b011 =
b000 >
0?
#8262008
0'
b0111011 (
00
b0111011 1
#8265008
0#
0,
#8270008
1#
1,
b0111011 8
b100 =
#8272008
0&
1'
b1010111 (
0/
10
b1010111 1
#8275008
0#
0,
#8280008
1#
b0000000 )
1,
b0000000 2
b001 >
#8282008
1&
0'
b0000011 (
1/
00
b0000011 1
#8285008
0#
0,
#8290008
1#
1,
b0000011 9
b101 =
#8292008
0&
1'
b0101100 (
0/
10
b0101100 1
#8295008
0#
0,
#8300008
1#
b0000111 )
1,
b0000111 2
b010 >
#8302008
1&
b0110111 (
1/
b0110111 1
#8305008
0#
0,
#8310008
1#
b0010101 )
1,
b0010101 2
b0110111 :
b110 =
b011 >
#8312008
0'
b0010100 (
00
b0010100 1
#8315008
0#
0,
#8320008
1#
1,
b0010100 ;
b111 =
#8322008
b1001001 (
b1001001 1
#8325008
0#
0,
#8330008
1#
1,
b1001001 <
b000 =
1?
#8332008
b1111000 (
b1111000 1
#8335008
0#
0,
#8340008
1#
1,
b1111000 5
b001 =
#8342008
b0110111 (
b0110111 1
#8345008
0#
0,
#8350008
1#
1,
b0110111 6
b010 =
#8352008
0&
b1000000 (
0/
b1000000 1
#8355008
0#
0,
#8360008
1#
1,
#8362008
1&
1'
b1001100 (
1/
10
b1001100 1
#8365008
0#
0,
#8370008
1#
b0111011 )
1,
b0111011 2
b1001100 7
b011 =
b100 >
#8372008
0&
b1101001 (
0/
b1101001 1
#8375008
0#
0,
#8380008
1#
b0000011 )
1,
b0000011 2
b101 >
#8382008
1&
0'
b1000011 (
1/
00
b1000011 1
#8385008
0#
0,
#8390008
1#
1,
b1000011 8
b100 =
#8392008
b0001011 (
b0001011 1
#8395008
0#
0,
#8400008
1#
1*
1,
13
b0001011 9
b101 =
#8402008
0&
1'
b0010100 (
0/
10
b0010100 1
#8405008
0#
0,
#8410008
1#
b0110111 )
0*
1,
b0110111 2
03
b110 >
#8412008
1&
b0101100 (
1/
b0101100 1
#8415008
0#
0,
#8420008
1#
b0010100 )
1,
b0010100 2
b0101100 :
b110 =
b111 >
#8422008
0&
0'
b0000001 (
0/
00
b0000001 1
#8425008
0#
0,
#8430008
1#
1,
#8432008
1&
b1001100 (
1/
b1001100 1
#8435008
0#
0,
#8440008
1#
1*
1,
13
b1001100 ;
b111 =
#8442008
0&
b0111111 (
0/
b0111111 1
#8445008
0#
0,
#8450008
1#
1,
#8452008
1'
b0001000 (
10
b0001000 1
#8455008
0#
0,
#8460008
1#
b1001001 )
0*
1,
b1001001 2
03
b000 >
0?
#8462008
1&
0'
b0010111 (
1/
00
b0010111 1
#8465008
0#
0,
#8470008
1#
1*
1,
13
b0010111 <
b000 =
1?
#8472008
b1100101 (
b1100101 1
#8475008
0#
0,
#8480008
1#
1,
#8482008
0&
b0001100 (
0/
b0001100 1
#8485008
0#
0,
#8490008
1#
1,
#8492008
1&
b1101001 (
1/
b1101001 1
#8495008
0#
0,
#8500008
1#
1,
#8502008
b0100011 (
b0100011 1
#8505008
0#
0,
#8510008
1#
1,
#8512008
b1111010 (
b1111010 1
#8515008
0#
0,
#8520008
1#
1,
#8522008
1'
b1001010 (
10
b1001010 1
#8525008
0#
0,
#8530008
1#
b1111000 )
0*
1,
b1111000 2
03
b001 >
#8532008
0'
b0000101 (
00
b0000101 1
#8535008
0#
0,
#8540008
1#
1*
1,
13
b0000101 5
b001 =
#8542008
0&
b1111011 (
0/
b1111011 1
#8545008
0#
0,
#8550008
1#
1,
#8552008
b1011001 (
b1011001 1
#8555008
0#
0,
#8560008
1#
1,
#8562008
1&
b0100000 (
1/
b0100000 1
#8565008
0#
0,
#8570008
1#
1,
#8572008
b0011110 (
b0011110 1
#8575008
0#
0,
#8580008
1#
1,
#8582008
1'
b1111000 (
10
b1111000 1
#8585008
0#
0,
#8590008
1#
b0110111 )
0*
1,
b0110111 2
03
b010 >
#8592008
0&
0'
0/
00
#8595008
0#
0,
#8600008
1#
1,
#8602008
1&
1'
b0001000 (
1/
10
b0001000 1
#8605008
0#
0,
#8610008
1#
b1001100 )
1,
b1001100 2
b0001000 6
b010 =
b011 >
#8612008
0&
b1010110 (
0/
b1010110 1
#8615008
0#
0,
#8620008
1#
b1000011 )
1,
b1000011 2
b100 >
#8622008
1&
b0011100 (
1/
b0011100 1
#8625008
0#
0,
#8630008
1#
b0001011 )
1,
b0001011 2
b0011100 7
b011 =
b101 >
#8632008
0'
b0111011 (
00
b0111011 1
#8635008
0#
0,
#8640008
1#
1,
b0111011 8
b100 =
#8642008
b0100110 (
b0100110 1
#8645008
0#
0,
#8650008
1#
1*
1,
13
b0100110 9
b101 =
#8652008
b1000010 (
b1000010 1
#8655008
0#
0,
#8660008
1#
1,
#8662008
b1011001 (
b1011001 1
#8665008
0#
0,
#8670008
1#
1,
#8672008
0&
b1111000 (
0/
b1111000 1
#8675008
0#
0,
#8680008
1#
1,
#8682008
1&
b1110001 (
1/
b1110001 1
#8685008
0#
0,
#8690008
1#
1,
#8692008
b1111111 (
b1111111 1
#8695008
0#
0,
#8700008
1#
1,
#8702008
b1010110 (
b1010110 1
#8705008
0#
0,
#8710008
1#
1,
#8712008
0&
b0010100 (
0/
b0010100 1
#8715008
0#
0,
#8720008
1#
1,
#8722008
1&
1'
b0101111 (
1/
10
b0101111 1
#8725008
0#
0,
#8730008
1#
b0101100 )
0*
1,
b0101100 2
03
b110 >
#8732008
0'
b0101000 (
00
b0101000 1
#8735008
0#
0,
#8740008
1#
1*
1,
13
b0101000 :
b110 =
#8742008
b1010111 (
b1010111 1
#8745008
0#
0,
#8750008
1#
1,
#8752008
b0111100 (
b0111100 1
#8755008
0#
0,
#8760008
1#
1,
#8762008
1'
b1100101 (
10
b1100101 1
#8765008
0#
0,
#8770008
1#
b1001100 )
0*
1,
b1001100 2
03
b111 >
#8772008
0'
b0110010 (
00
b0110010 1
#8775008
0#
0,
#8780008
1#
1*
1,
13
b0110010 ;
b111 =
#8782008
0&
1'
b1010000 (
0/
10
b1010000 1
#8785008
0#
0,
#8790008
1#
b0010111 )
0*
1,
b0010111 2
03
b000 >
0?
#8792008
b0011011 (
b0011011 1
#8795008
0#
0,
#8800008
1#
b0000101 )
1,
b0000101 2
b001 >
#8802008
b0010110 (
b0010110 1
#8805008
0#
0,
#8810008
1#
b0001000 )
1,
b0001000 2
b010 >
#8812008
b1010000 (
b1010000 1
#8815008
0#
0,
#8820008
1#
b0011100 )
1,
b0011100 2
b011 >
#8822008
b1001100 (
b1001100 1
#8825008
0#
0,
#8830008
1#
b0111011 )
1,
b0111011 2
b100 >
#8832008
1&
b0100000 (
1/
b0100000 1
#8835008
0#
0,
#8840008
1#
b0100110 )
1,
b0100110 2
b0100000 <
b000 =
b101 >
1?
#8842008
0&
b0001001 (
0/
b0001001 1
#8845008
0#
0,
#8850008
1#
b0101000 )
1,
b0101000 2
b110 >
#8852008
1&
b1110001 (
1/
b1110001 1
#8855008
0#
0,
#8860008
1#
b0110010 )
1,
b0110010 2
b1110001 5
b001 =
b111 >
#8862008
0&
0'
b1011001 (
0/
00
b1011001 1
#8865008
0#
0,
#8870008
1#
1,
#8872008
1&
b0111101 (
1/
b0111101 1
#8875008
0#
0,
#8880008
1#
1,
b0111101 6
b010 =
#8882008
0&
1'
b1010011 (
0/
10
b1010011 1
#8885008
0#
0,
#8890008
1#
b0100000 )
1,
b0100000 2
b000 >
0?
#8892008
1&
0'
b0000100 (
1/
00
b0000100 1
#8895008
0#
0,
#8900008
1#
1,
b0000100 7
b011 =
#8902008
0&
1'
b0100100 (
0/
10
b0100100 1
#8905008
0#
0,
#8910008
1#
b1110001 )
1,
b1110001 2
b001 >
#8912008
b1010100 (
b1010100 1
#8915008
0#
0,
#8920008
1#
b0111101 )
1,
b0111101 2
b010 >
#8922008
b0001100 (
b0001100 1
#8925008
0#
0,
#8930008
1#
b0000100 )
1+
1,
b0000100 2
14
b011 >
#8932008
1&
b0101010 (
1/
b0101010 1
#8935008
0#
0,
#8940008
1#
0+
1,
04
b0101010 8
b100 =
#8942008
b1110110 (
b1110110 1
#8945008
0#
0,
#8950008
1#
b0101010 )
1,
b0101010 2
b1110110 9
b101 =
b100 >
#8952008
b0000101 (
b0000101 1
#8955008
0#
0,
#8960008
1#
b1110110 )
1,
b1110110 2
b0000101 :
b110 =
b101 >
#8962008
0&
b0011010 (
0/
b0011010 1
#8965008
0#
0,
#8970008
1#
b0000101 )
1+
1,
b0000101 2
14
b110 >
#8972008
b1111101 (
b1111101 1
#8975008
0#
0,
#8980008
1#
1,
#8982008
b1000001 (
b1000001 1
#8985008
0#
0,
#8990008
1#
1,
#8992008
b0110001 (
b0110001 1
#8995008
0#
0,
#9000008
1#
1,
#9002008
1&
0'
b1010100 (
1/
00
b1010100 1
#9005008
0#
0,
#9010008
1#
0+
1,
04
b1010100 ;
b111 =
#9012008
0&
1'
b0000011 (
0/
10
b0000011 1
#9015008
0#
0,
#9020008
1#
b1010100 )
1+
1,
b1010100 2
14
b111 >
#9022008
1&
0'
b0010000 (
1/
00
b0010000 1
#9025008
0#
0,
#9030008
1#
0+
1,
04
b0010000 <
b000 =
1?
#9032008
0&
b1101110 (
0/
b1101110 1
#9035008
0#
0,
#9040008
1#
1,
#9042008
1'
b0101111 (
10
b0101111 1
#9045008
0#
0,
#9050008
1#
b0010000 )
1+
1,
b0010000 2
14
b000 >
0?
#9052008
b0111100 (
b0111100 1
#9055008
0#
0,
#9060008
1#
1,
#9062008
0'
b0001101 (
00
b0001101 1
#9065008
0#
0,
#9070008
1#
1,
#9072008
1'
b0111000 (
10
b0111000 1
#9075008
0#
0,
#9080008
1#
1,
#9082008
1&
b1100000 (
1/
b1100000 1
#9085008
0#
0,
#9090008
1#
0+
1,
04
b1100000 5
b001 =
#9092008
0&
b0110101 (
0/
b0110101 1
#9095008
0#
0,
#9100008
1#
b1100000 )
1+
1,
b1100000 2
14
b001 >
#9102008
0'
b1100000 (
00
b1100000 1
#9105008
0#
0,
#9110008
1#
1,
#9112008
1&
1'
b0100001 (
1/
10
b0100001 1
#9115008
0#
0,
#9120008
1#
0+
1,
04
b0100001 6
b010 =
#9122008
0&
0'
b0011000 (
0/
00
b0011000 1
#9125008
0#
0,
#9130008
1#
1,
#9132008
1&
1'
b0010101 (
1/
10
b0010101 1
#9135008
0#
0,
#9140008
1#
b0100001 )
1,
b0100001 2
b0010101 7
b011 =
b010 >
#9142008
0&
b0100111 (
0/
b0100111 1
#9145008
0#
0,
#9150008
1#
b0010101 )
1+
1,
b0010101 2
14
b011 >
#9152008
1&
b0110100 (
1/
b0110100 1
#9155008
0#
0,
#9160008
1#
0+
1,
04
b0110100 8
b100 =
#9162008
0&
0'
b1100000 (
0/
00
b1100000 1
#9165008
0#
0,
#9170008
1#
1,
#9172008
1&
b1001101 (
1/
b1001101 1
#9175008
0#
0,
#9180008
1#
1,
b1001101 9
b101 =
#9182008
0&
b0001110 (
0/
b0001110 1
#9185008
0#
0,
#9190008
1#
1,
#9192008
1&
1'
b0100000 (
1/
10
b0100000 1
#9195008
0#
0,
#9200008
1#
b0110100 )
1,
b0110100 2
b0100000 :
b110 =
b100 >
#9202008
0'
b0100011 (
00
b0100011 1
#9205008
0#
0,
#9210008
1#
1,
b0100011 ;
b111 =
#9212008
0&
b0101100 (
0/
b0101100 1
#9215008
0#
0,
#9220008
1#
1,
#9222008
1'
10
#9225008
0#
0,
#9230008
1#
b1001101 )
1,
b1001101 2
b101 >
#9232008
1&
b1110001 (
1/
b1110001 1
#9235008
0#
0,
#9240008
1#
b0100000 )
1,
b0100000 2
b1110001 <
b000 =
b110 >
1?
#9242008
0'
b0011010 (
00
b0011010 1
#9245008
0#
0,
#9250008
1#
1,
b0011010 5
b001 =
#9252008
1'
b1011111 (
10
b1011111 1
#9255008
0#
0,
#9260008
1#
b0100011 )
1,
b0100011 2
b1011111 6
b010 =
b111 >
#9262008
0&
b0010111 (
0/
b0010111 1
#9265008
0#
0,
#9270008
1#
b1110001 )
1,
b1110001 2
b000 >
0?
#9272008
1&
0'
b1010110 (
1/
00
b1010110 1
#9275008
0#
0,
#9280008
1#
1,
b1010110 7
b011 =
#9282008
1'
b1111000 (
10
b1111000 1
#9285008
0#
0,
#9290008
1#
b0011010 )
1,
b0011010 2
b1111000 8
b100 =
b001 >
#9292008
0&
0'
b0001111 (
0/
00
b0001111 1
#9295008
0#
0,
#9300008
1#
1,
#9302008
1'
b1110100 (
10
b1110100 1
#9305008
0#
0,
#9310008
1#
b1011111 )
1,
b1011111 2
b010 >
#9312008
1&
b0110101 (
1/
b0110101 1
#9315008
0#
0,
#9320008
1#
b1010110 )
1,
b1010110 2
b0110101 9
b101 =
b011 >
#9322008
0&
b1001101 (
0/
b1001101 1
#9325008
0#
0,
#9330008
1#
b1111000 )
1,
b1111000 2
b100 >
#9332008
b1111010 (
b1111010 1
#9335008
0#
0,
#9340008
1#
b0110101 )
1+
1,
b0110101 2
14
b101 >
#9342008
0'
b0110010 (
00
b0110010 1
#9345008
0#
0,
#9350008
1#
1,
#9352008
1&
b1000101 (
1/
b1000101 1
#9355008
0#
0,
#9360008
1#
0+
1,
04
b1000101 :
b110 =
#9362008
0&
b0011001 (
0/
b0011001 1
#9365008
0#
0,
#9370008
1#
1,
#9372008
1&
b1001101 (
1/
b1001101 1
#9375008
0#
0,
#9380008
1#
1,
b1001101 ;
b111 =
#9382008
0&
b0111000 (
0/
b0111000 1
#9385008
0#
0,
#9390008
1#
1,
#9392008
1'
b0001011 (
10
b0001011 1
#9395008
0#
0,
#9400008
1#
b1000101 )
1,
b1000101 2
b110 >
#9402008
1&
b1100100 (
1/
b1100100 1
#9405008
0#
0,
#9410008
1#
b1001101 )
1,
b1001101 2
b1100100 <
b000 =
b111 >
1?
#9412008
0&
b1101001 (
0/
b1101001 1
#9415008
0#
0,
#9420008
1#
b1100100 )
1+
1,
b1100100 2
14
b000 >
0?
#9422008
1&
0'
b0111011 (
1/
00
b0111011 1
#9425008
0#
0,
#9430008
1#
0+
1,
04
b0111011 5
b001 =
#9432008
b1001111 (
b1001111 1
#9435008
0#
0,
#9440008
1#
1,
b1001111 6
b010 =
#9442008
b1001010 (
b1001010 1
#9445008
0#
0,
#9450008
1#
1,
b1001010 7
b011 =
#9452008
b1100100 (
b1100100 1
#9455008
0#
0,
#9460008
1#
1,
b1100100 8
b100 =
#9462008
1'
b1100111 (
10
b1100111 1
#9465008
0#
0,
#9470008
1#
b0111011 )
1,
b0111011 2
b1100111 9
b101 =
b001 >
#9472008
b0101001 (
b0101001 1
#9475008
0#
0,
#9480008
1#
b1001111 )
1,
b1001111 2
b0101001 :
b110 =
b010 >
#9482008
0'
b1110001 (
00
b1110001 1
#9485008
0#
0,
#9490008
1#
1,
b1110001 ;
b111 =
#9492008
b1110000 (
b1110000 1
#9495008
0#
0,
#9500008
1#
1,
b1110000 <
b000 =
1?
#9502008
0&
b1101011 (
0/
b1101011 1
#9505008
0#
0,
#9510008
1#
1,
#9512008
1&
b1010011 (
1/
b1010011 1
#9515008
0#
0,
#9520008
1#
1,
b1010011 5
b001 =
#9522008
b0101101 (
b0101101 1
#9525008
0#
0,
#9530008
1#
1*
1,
13
b0101101 6
b010 =
#9532008
0&
b0111001 (
0/
b0111001 1
#9535008
0#
0,
#9540008
1#
1,
#9542008
1&
b1110111 (
1/
b1110111 1
#9545008
0#
0,
#9550008
1#
1,
#9552008
b0001010 (
b0001010 1
#9555008
0#
0,
#9560008
1#
1,
#9562008
1'
b0100111 (
10
b0100111 1
#9565008
0#
0,
#9570008
1#
b1001010 )
0*
1,
b1001010 2
03
b011 >
#9572008
0'
b0100110 (
00
b0100110 1
#9575008
0#
0,
#9580008
1#
1*
1,
13
b0100110 7
b011 =
#9582008
b1010101 (
b1010101 1
#9585008
0#
0,
#9590008
1#
1,
#9592008
1'
b1000000 (
10
b1000000 1
#9595008
0#
0,
#9600008
1#
b1100100 )
0*
1,
b1100100 2
03
b100 >
#9602008
0'
b0111011 (
00
b0111011 1
#9605008
0#
0,
#9610008
1#
1*
1,
13
b0111011 8
b100 =
#9612008
b0011100 (
b0011100 1
#9615008
0#
0,
#9620008
1#
1,
#9622008
b0000001 (
b0000001 1
#9625008
0#
0,
#9630008
1#
1,
#9632008
b0110011 (
b0110011 1
#9635008
0#
0,
#9640008
1#
1,
#9642008
1'
b0111101 (
10
b0111101 1
#9645008
0#
0,
#9650008
1#
b1100111 )
0*
1,
b1100111 2
03
b101 >
#9652008
b0000101 (
b0000101 1
#9655008
0#
0,
#9660008
1#
b0101001 )
1,
b0101001 2
b0000101 9
b101 =
b110 >
#9662008
0'
b1011101 (
00
b1011101 1
#9665008
0#
0,
#9670008
1#
1*
1,
13
b1011101 :
b110 =
#9672008
b1110101 (
b1110101 1
#9675008
0#
0,
#9680008
1#
1,
#9682008
b0011110 (
b0011110 1
#9685008
0#
0,
#9690008
1#
1,
#9692008
b0001100 (
b0001100 1
#9695008
0#
0,
#9700008
1#
1,
#9702008
b1101101 (
b1101101 1
#9705008
0#
0,
#9710008
1#
1,
#9712008
b0110000 (
b0110000 1
#9715008
0#
0,
#9720008
1#
1,
#9722008
1'
b1111110 (
10
b1111110 1
#9725008
0#
0,
#9730008
1#
b1110001 )
0*
1,
b1110001 2
03
b111 >
#9732008
0'
b1011010 (
00
b1011010 1
#9735008
0#
0,
#9740008
1#
1*
1,
13
b1011010 ;
b111 =
#9742008
1'
b0101001 (
10
b0101001 1
#9745008
0#
0,
#9750008
1#
b1110000 )
0*
1,
b1110000 2
03
b000 >
0?
#9752008
b1111101 (
b1111101 1
#9755008
0#
0,
#9760008
1#
b1010011 )
1,
b1010011 2
b1111101 <
b000 =
b001 >
1?
#9762008
0&
b0010011 (
0/
b0010011 1
#9765008
0#
0,
#9770008
1#
b0101101 )
1,
b0101101 2
b010 >
#9772008
0'
b0100110 (
00
b0100110 1
#9775008
0#
0,
#9780008
1#
1,
#9782008
b1101011 (
b1101011 1
#9785008
0#
0,
#9790008
1#
1,
#9792008
1'
b0111110 (
10
b0111110 1
#9795008
0#
0,
#9800008
1#
b0100110 )
1,
b0100110 2
b011 >
#9802008
b0001101 (
b0001101 1
#9805008
0#
0,
#9810008
1#
b0111011 )
1,
b0111011 2
b100 >
#9812008
b1010110 (
b1010110 1
#9815008
0#
0,
#9820008
1#
b0000101 )
1,
b0000101 2
b101 >
#9822008
1&
b0001111 (
1/
b0001111 1
#9825008
0#
0,
#9830008
1#
b1011101 )
1,
b1011101 2
b0001111 5
b001 =
b110 >
#9832008
0&
b1011011 (
0/
b1011011 1
#9835008
0#
0,
#9840008
1#
b1011010 )
1,
b1011010 2
b111 >
#9842008
b1001111 (
b1001111 1
#9845008
0#
0,
#9850008
1#
b1111101 )
1,
b1111101 2
b000 >
0?
#9852008
b0100110 (
b0100110 1
#9855008
0#
0,
#9860008
1#
b0001111 )
1+
1,
b0001111 2
14
b001 >
#9862008
b0001100 (
b0001100 1
#9865008
0#
0,
#9870008
1#
1,
#9872008
b1011101 (
b1011101 1
#9875008
0#
0,
#9880008
1#
1,
#9882008
1&
b0011101 (
1/
b0011101 1
#9885008
0#
0,
#9890008
1#
0+
1,
04
b0011101 6
b010 =
#9892008
0&
b1111000 (
0/
b1111000 1
#9895008
0#
0,
#9900008
1#
b0011101 )
1+
1,
b0011101 2
14
b010 >
#9902008
b0001110 (
b0001110 1
#9905008
0#
0,
#9910008
1#
1,
#9912008
b1100100 (
b1100100 1
#9915008
0#
0,
#9920008
1#
1,
#9922008
1&
b0100010 (
1/
b0100010 1
#9925008
0#
0,
#9930008
1#
0+
1,
04
b0100010 7
b011 =
#9932008
b1000001 (
b1000001 1
#9935008
0#
0,
#9940008
1#
b0100010 )
1,
b0100010 2
b1000001 8
b100 =
b011 >
#9942008
0&
b0110101 (
0/
b0110101 1
#9945008
0#
0,
#9950008
1#
b1000001 )
1+
1,
b1000001 2
14
b100 >
#9952008
0'
b1001111 (
00
b1001111 1
#9955008
0#
0,
#9960008
1#
1,
#9962008
1'
b1000011 (
10
b1000011 1
#9965008
0#
0,
#9970008
1#
1,
#9972008
b1011100 (
b1011100 1
#9975008
0#
0,
#9980008
1#
1,
#9982008
b1101101 (
b1101101 1
#9985008
0#
0,
#9990008
1#
1,
#9992008
0'
b0000101 (
00
b0000101 1
#9995008
0#
0,
#10000008
1#
1,
#10002008
b1111110 (
b1111110 1
#10005008
0#
0,
#10010008
1#
1,
#10012008
1'
b0001000 (
10
b0001000 1
#10015008
0#
0,
#10020008
1#
1,
#10022008
1&
b1000100 (
1/
b1000100 1
#10025008
0#
0,
#10030008
1#
0+
1,
04
b1000100 9
b101 =
#10032008
0&
b0011100 (
0/
b0011100 1
#10035008
0#
0,
#10040008
1#
b1000100 )
1+
1,
b1000100 2
14
b101 >
#10042008
0'
b1011110 (
00
b1011110 1
#10045008
0#
0,
#10050008
1#
1,
#10052008
1'
b1111010 (
10
b1111010 1
#10055008
0#
0,
#10060008
1#
1,
#10062008
1&
0'
b0100000 (
1/
00
b0100000 1
#10065008
0#
0,
#10070008
1#
0+
1,
04
b0100000 :
b110 =
#10072008
b0011110 (
b0011110 1
#10075008
0#
0,
#10080008
1#
1,
b0011110 ;
b111 =
#10082008
b0010000 (
b0010000 1
#10085008
0#
0,
#10090008
1#
1,
b0010000 <
b000 =
1?
#10092008
1'
b1001100 (
10
b1001100 1
#10095008
0#
0,
#10100008
1#
b0100000 )
1,
b0100000 2
b1001100 5
b001 =
b110 >
#10102008
b0111010 (
b0111010 1
#10105008
0#
0,
#10110008
1#
b0011110 )
1,
b0011110 2
b0111010 6
b010 =
b111 >
#10112008
0&
0'
b0100111 (
0/
00
b0100111 1
#10115008
0#
0,
#10120008
1#
1,
#10122008
b0101010 (
b0101010 1
#10125008
0#
0,
#10130008
1#
1,
#10132008
b0010000 (
b0010000 1
#10135008
0#
0,
#10140008
1#
1,
#10142008
1'
b0000001 (
10
b0000001 1
#10145008
0#
0,
#10150008
1#
b0010000 )
1,
b0010000 2
b000 >
0?
#10152008
1&
0'
b0001011 (
1/
00
b0001011 1
#10155008
0#
0,
#10160008
1#
1,
b0001011 7
b011 =
#10162008
1'
b0010000 (
10
b0010000 1
#10165008
0#
0,
#10170008
1#
b1001100 )
1,
b1001100 2
b0010000 8
b100 =
b001 >
#10172008
b1011010 (
b1011010 1
#10175008
0#
0,
#10180008
1#
b0111010 )
1,
b0111010 2
b1011010 9
b101 =
b010 >
#10182008
b0011000 (
b0011000 1
#10185008
0#
0,
#10190008
1#
b0001011 )
1,
b0001011 2
b0011000 :
b110 =
b011 >
#10192008
0&
b0111010 (
0/
b0111010 1
#10195008
0#
0,
#10200008
1#
b0010000 )
1,
b0010000 2
b100 >
#10202008
1&
b0100010 (
1/
b0100010 1
#10205008
0#
0,
#10210008
1#
b1011010 )
1,
b1011010 2
b0100010 ;
b111 =
b101 >
#10212008
0&
0'
b0110001 (
0/
00
b0110001 1
#10215008
0#
0,
#10220008
1#
1,
#10222008
1&
b0110100 (
1/
b0110100 1
#10225008
0#
0,
#10230008
1#
1,
b0110100 <
b000 =
1?
#10232008
b0100001 (
b0100001 1
#10235008
0#
0,
#10240008
1#
1,
b0100001 5
b001 =
#10242008
0&
b0110011 (
0/
b0110011 1
#10245008
0#
0,
#10250008
1#
1,
#10252008
1&
1'
b1001100 (
1/
10
b1001100 1
#10255008
0#
0,
#10260008
1#
b0011000 )
1,
b0011000 2
b1001100 6
b010 =
b110 >
#10262008
b0011011 (
b0011011 1
#10265008
0#
0,
#10270008
1#
b0100010 )
1,
b0100010 2
b0011011 7
b011 =
b111 >
#10272008
0'
b0100010 (
00
b0100010 1
#10275008
0#
0,
#10280008
1#
1,
b0100010 8
b100 =
#10282008
0&
1'
b0110100 (
0/
10
b0110100 1
#10285008
0#
0,
#10290008
1#
b0110100 )
1,
b0110100 2
b000 >
0?
#10292008
0'
b1011111 (
00
b1011111 1
#10295008
0#
0,
#10300008
1#
1,
#10302008
1'
b0001110 (
10
b0001110 1
#10305008
0#
0,
#10310008
1#
b0100001 )
1,
b0100001 2
b001 >
#10312008
1&
b1101000 (
1/
b1101000 1
#10315008
0#
0,
#10320008
1#
b1001100 )
1,
b1001100 2
b1101000 9
b101 =
b010 >
#10322008
b1001010 (
b1001010 1
#10325008
0#
0,
#10330008
1#
b0011011 )
1,
b0011011 2
b1001010 :
b110 =
b011 >
#10332008
0&
0'
b0001100 (
0/
00
b0001100 1
#10335008
0#
0,
#10340008
1#
1,
#10342008
b0000111 (
b0000111 1
#10345008
0#
0,
#10350008
1#
1,
#10352008
b1010010 (
b1010010 1
#10355008
0#
0,
#10360008
1#
1,
#10362008
1'
b1100111 (
10
b1100111 1
#10365008
0#
0,
#10370008
1#
b0100010 )
1,
b0100010 2
b100 >
#10372008
b1101010 (
b1101010 1
#10375008
0#
0,
#10380008
1#
b1101000 )
1,
b1101000 2
b101 >
#10382008
1&
0'
b1101001 (
1/
00
b1101001 1
#10385008
0#
0,
#10390008
1#
1,
b1101001 ;
b111 =
#10392008
b0010111 (
b0010111 1
#10395008
0#
0,
#10400008
1#
1,
b0010111 <
b000 =
1?
#10402008
1'
b1011000 (
10
b1011000 1
#10405008
0#
0,
#10410008
1#
b1001010 )
1,
b1001010 2
b1011000 5
b001 =
b110 >
#10412008
0'
b0101100 (
00
b0101100 1
#10415008
0#
0,
#10420008
1#
1,
b0101100 6
b010 =
#10422008
1'
b1001001 (
10
b1001001 1
#10425008
0#
0,
#10430008
1#
b1101001 )
1,
b1101001 2
b1001001 7
b011 =
b111 >
#10432008
0&
b1000010 (
0/
b1000010 1
#10435008
0#
0,
#10440008
1#
b0010111 )
1,
b0010111 2
b000 >
0?
#10442008
1&
0'
b0010100 (
1/
00
b0010100 1
#10445008
0#
0,
#10450008
1#
1,
b0010100 8
b100 =
#10452008
b0111111 (
b0111111 1
#10455008
0#
0,
#10460008
1#
1,
b0111111 9
b101 =
#10462008
b1010101 (
b1010101 1
#10465008
0#
0,
#10470008
1#
1,
b1010101 :
b110 =
#10472008
b1111010 (
b1111010 1
#10475008
0#
0,
#10480008
1#
1,
b1111010 ;
b111 =
#10482008
b0110101 (
b0110101 1
#10485008
0#
0,
#10490008
1#
1*
1,
13
b0110101 <
b000 =
1?
#10492008
0&
b0001000 (
0/
b0001000 1
#10495008
0#
0,
#10500008
1#
1,
#10502008
1&
b0000101 (
1/
b0000101 1
#10505008
0#
0,
#10510008
1#
1,
#10512008
0&
b1111011 (
0/
b1111011 1
#10515008
0#
0,
#10520008
1#
1,
#10522008
1&
b1000101 (
1/
b1000101 1
#10525008
0#
0,
#10530008
1#
1,
#10532008
0&
1'
b1110010 (
0/
10
b1110010 1
#10535008
0#
0,
#10540008
1#
b1011000 )
0*
1,
b1011000 2
03
b001 >
#10542008
1&
0'
b0011001 (
1/
00
b0011001 1
#10545008
0#
0,
#10550008
1#
1*
1,
13
b0011001 5
b001 =
#10552008
b0111101 (
b0111101 1
#10555008
0#
0,
#10560008
1#
1,
#10562008
b1110110 (
b1110110 1
#10565008
0#
0,
#10570008
1#
1,
#10572008
1'
b1100010 (
10
b1100010 1
#10575008
0#
0,
#10580008
1#
b0101100 )
0*
1,
b0101100 2
03
b010 >
#10582008
0'
b1000100 (
00
b1000100 1
#10585008
0#
0,
#10590008
1#
1*
1,
13
b1000100 6
b010 =
#10592008
1'
b0100011 (
10
b0100011 1
#10595008
0#
0,
#10600008
1#
b1001001 )
0*
1,
b1001001 2
03
b011 >
#10602008
0'
b0100001 (
00
b0100001 1
#10605008
0#
0,
#10610008
1#
1*
1,
13
b0100001 7
b011 =
#10612008
1'
b0011110 (
10
b0011110 1
#10615008
0#
0,
#10620008
1#
b0010100 )
0*
1,
b0010100 2
03
b100 >
#10622008
0'
b1000011 (
00
b1000011 1
#10625008
0#
0,
#10630008
1#
1*
1,
13
b1000011 8
b100 =
#10632008
b0000111 (
b0000111 1
#10635008
0#
0,
#10640008
1#
1,
#10642008
b0001110 (
b0001110 1
#10645008
0#
0,
#10650008
1#
1,
#10652008
b0111000 (
b0111000 1
#10655008
0#
0,
#10660008
1#
1,
#10662008
b0110000 (
b0110000 1
#10665008
0#
0,
#10670008
1#
1,
#10672008
b0111000 (
b0111000 1
#10675008
0#
0,
#10680008
1#
1,
#10682008
b0110100 (
b0110100 1
#10685008
0#
0,
#10690008
1#
1,
#10692008
0&
b0000111 (
0/
b0000111 1
#10695008
0#
0,
#10700008
1#
1,
#10702008
1'
b0100010 (
10
b0100010 1
#10705008
0#
0,
#10710008
1#
b0111111 )
0*
1,
b0111111 2
03
b101 >
#10712008
1&
0'
b1100001 (
1/
00
b1100001 1
#10715008
0#
0,
#10720008
1#
1*
1,
13
b1100001 9
b101 =
#10722008
0&
1'
b1110010 (
0/
10
b1110010 1
#10725008
0#
0,
#10730008
1#
b1010101 )
0*
1,
b1010101 2
03
b110 >
#10732008
b1000010 (
b1000010 1
#10735008
0#
0,
#10740008
1#
b1111010 )
1,
b1111010 2
b111 >
#10742008
b1101001 (
b1101001 1
#10745008
0#
0,
#10750008
1#
b0110101 )
1,
b0110101 2
b000 >
0?
#10752008
b0000111 (
b0000111 1
#10755008
0#
0,
#10760008
1#
b0011001 )
1,
b0011001 2
b001 >
#10762008
0'
b0101101 (
00
b0101101 1
#10765008
0#
0,
#10770008
1#
1,
#10772008
b1010010 (
b1010010 1
#10775008
0#
0,
#10780008
1#
1,
#10782008
1&
1'
b0110000 (
1/
10
b0110000 1
#10785008
0#
0,
#10790008
1#
b1000100 )
1,
b1000100 2
b0110000 :
b110 =
b010 >
#10792008
0&
b1010001 (
0/
b1010001 1
#10795008
0#
0,
#10800008
1#
b0100001 )
1,
b0100001 2
b011 >
#10802008
b1010110 (
b1010110 1
#10805008
0#
0,
#10810008
1#
b1000011 )
1,
b1000011 2
b100 >
#10812008
1&
0'
b0110100 (
1/
00
b0110100 1
#10815008
0#
0,
#10820008
1#
1,
b0110100 ;
b111 =
#10822008
0&
1'
b0010001 (
0/
10
b0010001 1
#10825008
0#
0,
#10830008
1#
b1100001 )
1,
b1100001 2
b101 >
#10832008
b0100101 (
b0100101 1
#10835008
0#
0,
#10840008
1#
b0110000 )
1,
b0110000 2
b110 >
#10842008
0'
b0010100 (
00
b0010100 1
#10845008
0#
0,
#10850008
1#
1,
#10852008
1'
b0000000 (
10
b0000000 1
#10855008
0#
0,
#10860008
1#
b0110100 )
1+
1,
b0110100 2
14
b111 >
#10862008
b0001111 (
b0001111 1
#10865008
0#
0,
#10870008
1#
1,
#10872008
1&
b1110010 (
1/
b1110010 1
#10875008
0#
0,
#10880008
1#
0+
1,
04
b1110010 <
b000 =
#10882008
0&
0'
b1001110 (
0/
00
b1001110 1
#10885008
0#
0,
#10890008
1#
1,
#10892008
1&
1'
b0110111 (
1/
10
b0110111 1
#10895008
0#
0,
#10900008
1#
b1110010 )
1,
b1110010 2
b0110111 5
b001 =
b000 >
#10902008
0&
b1010000 (
0/
b1010000 1
#10905008
0#
0,
#10910008
1#
b0110111 )
1+
1,
b0110111 2
14
b001 >
#10912008
b1101000 (
b1101000 1
#10915008
0#
0,
#10920008
1#
1,
#10922008
b1111100 (
b1111100 1
#10925008
0#
0,
#10930008
1#
1,
#10932008
b1111011 (
b1111011 1
#10935008
0#
0,
#10940008
1#
1,
#10942008
b1101110 (
b1101110 1
#10945008
0#
0,
#10950008
1#
1,
#10952008
b1011101 (
b1011101 1
#10955008
0#
0,
#10960008
1#
1,
#10962008
1&
b1111110 (
1/
b1111110 1
#10965008
0#
0,
#10970008
1#
0+
1,
04
b1111110 6
b010 =
#10972008
0&
b1011010 (
0/
b1011010 1
#10975008
0#
0,
#10980008
1#
b1111110 )
1+
1,
b1111110 2
14
b010 >
#10982008
1&
b0000000 (
1/
b0000000 1
#10985008
0#
0,
#10990008
1#
0+
1,
04
b0000000 7
b011 =
#10992008
0&
b1110111 (
0/
b1110111 1
#10995008
0#
0,
#11000008
1#
b0000000 )
1+
1,
b0000000 2
14
b011 >
#11002008
b1111011 (
b1111011 1
#11005008
0#
0,
#11010008
1#
1,
#11012008
b0010101 (
b0010101 1
#11015008
0#
0,
#11020008
1#
1,
#11022008
b1110011 (
b1110011 1
#11025008
0#
0,
#11030008
1#
1,
#11032008
0'
b0100110 (
00
b0100110 1
#11035008
0#
0,
#11040008
1#
1,
#11042008
1&
1/
#11045008
0#
0,
#11050008
1#
0+
1,
04
b0100110 8
b100 =
#11052008
0&
b1110111 (
0/
b1110111 1
#11055008
0#
0,
#11060008
1#
1,
#11062008
b0111101 (
b0111101 1
#11065008
0#
0,
#11070008
1#
1,
#11072008
1&
1'
b1100111 (
1/
10
b1100111 1
#11075008
0#
0,
#11080008
1#
b0100110 )
1,
b0100110 2
b1100111 9
b101 =
b100 >
#11082008
b1000111 (
b1000111 1
#11085008
0#
0,
#11090008
1#
b1100111 )
1,
b1100111 2
b1000111 :
b110 =
b101 >
#11092008
0'
b0011001 (
00
b0011001 1
#11095008
0#
0,
#11100008
1#
1,
b0011001 ;
b111 =
#11102008
0&
1'
b0011111 (
0/
10
b0011111 1
#11105008
0#
0,
#11110008
1#
b1000111 )
1,
b1000111 2
b110 >
#11112008
1&
0'
b0100001 (
1/
00
b0100001 1
#11115008
0#
0,
#11120008
1#
1,
b0100001 <
b000 =
1?
#11122008
0&
b0010000 (
0/
b0010000 1
#11125008
0#
0,
#11130008
1#
1,
#11132008
1&
b1010101 (
1/
b1010101 1
#11135008
0#
0,
#11140008
1#
1,
b1010101 5
b001 =
#11142008
0&
b1000111 (
0/
b1000111 1
#11145008
0#
0,
#11150008
1#
1,
#11152008
b1100101 (
b1100101 1
#11155008
0#
0,
#11160008
1#
1,
#11162008
1&
b0111000 (
1/
b0111000 1
#11165008
0#
0,
#11170008
1#
1,
b0111000 6
b010 =
#11172008
1'
b0111001 (
10
b0111001 1
#11175008
0#
0,
#11180008
1#
b0011001 )
1,
b0011001 2
b0111001 7
b011 =
b111 >
#11182008
0&
0'
b0001010 (
0/
00
b0001010 1
#11185008
0#
0,
#11190008
1#
1,
#11192008
1'
b1001000 (
10
b1001000 1
#11195008
0#
0,
#11200008
1#
b0100001 )
1,
b0100001 2
b000 >
0?
#11202008
1&
0'
b1101000 (
1/
00
b1101000 1
#11205008
0#
0,
#11210008
1#
1,
b1101000 8
b100 =
#11212008
b0011010 (
b0011010 1
#11215008
0#
0,
#11220008
1#
1,
b0011010 9
b101 =
#11222008
1'
b1010100 (
10
b1010100 1
#11225008
0#
0,
#11230008
1#
b1010101 )
1,
b1010101 2
b1010100 :
b110 =
b001 >
#11232008
0&
b0111111 (
0/
b0111111 1
#11235008
0#
0,
#11240008
1#
b0111000 )
1,
b0111000 2
b010 >
#11242008
1&
b0010101 (
1/
b0010101 1
#11245008
0#
0,
#11250008
1#
b0111001 )
1,
b0111001 2
b0010101 ;
b111 =
b011 >
#11252008
b1000000 (
b1000000 1
#11255008
0#
0,
#11260008
1#
b1101000 )
1,
b1101000 2
b1000000 <
b000 =
b100 >
1?
#11262008
0'
b1001010 (
00
b1001010 1
#11265008
0#
0,
#11270008
1#
1,
b1001010 5
b001 =
#11272008
0&
b0011101 (
0/
b0011101 1
#11275008
0#
0,
#11280008
1#
1,
#11282008
b0010011 (
b0010011 1
#11285008
0#
0,
#11290008
1#
1,
#11292008
1'
b0110011 (
10
b0110011 1
#11295008
0#
0,
#11300008
1#
b0011010 )
1,
b0011010 2
b101 >
#11302008
b0101101 (
b0101101 1
#11305008
0#
0,
#11310008
1#
b1010100 )
1,
b1010100 2
b110 >
#11312008
1&
0'
b1011111 (
1/
00
b1011111 1
#11315008
0#
0,
#11320008
1#
1,
b1011111 6
b010 =
#11322008
1'
b0111111 (
10
b0111111 1
#11325008
0#
0,
#11330008
1#
b0010101 )
1,
b0010101 2
b0111111 7
b011 =
b111 >
#11332008
b0110010 (
b0110010 1
#11335008
0#
0,
#11340008
1#
b1000000 )
1,
b1000000 2
b0110010 8
b100 =
b000 >
0?
#11342008
0'
b1011010 (
00
b1011010 1
#11345008
0#
0,
#11350008
1#
1,
b1011010 9
b101 =
#11352008
b0001100 (
b0001100 1
#11355008
0#
0,
#11360008
1#
1,
b0001100 :
b110 =
#11362008
b1100101 (
b1100101 1
#11365008
0#
0,
#11370008
1#
1,
b1100101 ;
b111 =
#11372008
1'
b0101101 (
10
b0101101 1
#11375008
0#
0,
#11380008
1#
b1001010 )
1,
b1001010 2
b0101101 <
b000 =
b001 >
1?
#11382008
0'
b0001100 (
00
b0001100 1
#11385008
0#
0,
#11390008
1#
1*
1,
13
b0001100 5
b001 =
#11392008
0&
b1001001 (
0/
b1001001 1
#11395008
0#
0,
#11400008
1#
1,
#11402008
1&
b1011000 (
1/
b1011000 1
#11405008
0#
0,
#11410008
1#
1,
#11412008
1'
b0010011 (
10
b0010011 1
#11415008
0#
0,
#11420008
1#
b1011111 )
0*
1,
b1011111 2
03
b010 >
#11422008
0&
0'
b1100101 (
0/
00
b1100101 1
#11425008
0#
0,
#11430008
1#
1,
#11432008
1&
b0101001 (
1/
b0101001 1
#11435008
0#
0,
#11440008
1#
1*
1,
13
b0101001 6
b010 =
#11442008
0&
1'
b0011000 (
0/
10
b0011000 1
#11445008
0#
0,
#11450008
1#
b0111111 )
0*
1,
b0111111 2
03
b011 >
#11452008
1&
0'
b1000001 (
1/
00
b1000001 1
#11455008
0#
0,
#11460008
1#
1*
1,
13
b1000001 7
b011 =
#11462008
b0001000 (
b0001000 1
#11465008
0#
0,
#11470008
1#
1,
#11472008
b0111100 (
b0111100 1
#11475008
0#
0,
#11480008
1#
1,
#11482008
b0101110 (
b0101110 1
#11485008
0#
0,
#11490008
1#
1,
#11492008
b0111111 (
b0111111 1
#11495008
0#
0,
#11500008
1#
1,
#11502008
b0001101 (
b0001101 1
#11505008
0#
0,
#11510008
1#
1,
#11512008
b1111010 (
b1111010 1
#11515008
0#
0,
#11520008
1#
1,
#11522008
1'
b1100101 (
10
b1100101 1
#11525008
0#
0,
#11530008
1#
b0110010 )
0*
1,
b0110010 2
03
b100 >
#11532008
0'
b0011100 (
00
b0011100 1
#11535008
0#
0,
#11540008
1#
1*
1,
13
b0011100 8
b100 =
#11542008
b1110011 (
b1110011 1
#11545008
0#
0,
#11550008
1#
1,
#11552008
1'
b1101111 (
10
b1101111 1
#11555008
0#
0,
#11560008
1#
b1011010 )
0*
1,
b1011010 2
03
b101 >
#11562008
0'
b1111100 (
00
b1111100 1
#11565008
0#
0,
#11570008
1#
1*
1,
13
b1111100 9
b101 =
#11572008
b1011011 (
b1011011 1
#11575008
0#
0,
#11580008
1#
1,
#11582008
1'
b1001000 (
10
b1001000 1
#11585008
0#
0,
#11590008
1#
b0001100 )
0*
1,
b0001100 2
03
b110 >
#11592008
0'
b0100111 (
00
b0100111 1
#11595008
0#
0,
#11600008
1#
1*
1,
13
b0100111 :
b110 =
#11602008
b1101110 (
b1101110 1
#11605008
0#
0,
#11610008
1#
1,
#11612008
b1011001 (
b1011001 1
#11615008
0#
0,
#11620008
1#
1,
#11622008
b1000000 (
b1000000 1
#11625008
0#
0,
#11630008
1#
1,
#11632008
b0111101 (
b0111101 1
#11635008
0#
0,
#11640008
1#
1,
#11642008
b1111011 (
b1111011 1
#11645008
0#
0,
#11650008
1#
1,
#11652008
b0110101 (
b0110101 1
#11655008
0#
0,
#11660008
1#
1,
#11662008
0&
1'
b1111010 (
0/
10
b1111010 1
#11665008
0#
0,
#11670008
1#
b1100101 )
0*
1,
b1100101 2
03
b111 >
#11672008
1&
b1110110 (
1/
b1110110 1
#11675008
0#
0,
#11680008
1#
b0101101 )
1,
b0101101 2
b1110110 ;
b111 =
b000 >
0?
#11682008
0&
b0011010 (
0/
b0011010 1
#11685008
0#
0,
#11690008
1#
b0001100 )
1,
b0001100 2
b001 >
#11692008
b1100011 (
b1100011 1
#11695008
0#
0,
#11700008
1#
b0101001 )
1,
b0101001 2
b010 >
#11702008
b0010011 (
b0010011 1
#11705008
0#
0,
#11710008
1#
b1000001 )
1,
b1000001 2
b011 >
#11712008
b1010110 (
b1010110 1
#11715008
0#
0,
#11720008
1#
b0011100 )
1,
b0011100 2
b100 >
#11722008
b1011111 (
b1011111 1
#11725008
0#
0,
#11730008
1#
b1111100 )
1,
b1111100 2
b101 >
#11732008
b0010110 (
b0010110 1
#11735008
0#
0,
#11740008
1#
b0100111 )
1,
b0100111 2
b110 >
#11742008
b0100101 (
b0100101 1
#11745008
0#
0,
#11750008
1#
b1110110 )
1+
1,
b1110110 2
14
b111 >
#11752008
b1000010 (
b1000010 1
#11755008
0#
0,
#11760008
1#
1,
#11762008
b1110100 (
b1110100 1
#11765008
0#
0,
#11770008
1#
1,
#11772008
b0111011 (
b0111011 1
#11775008
0#
0,
#11780008
1#
1,
#11782008
b0011001 (
b0011001 1
#11785008
0#
0,
#11790008
1#
1,
#11792008
0'
b1111111 (
00
b1111111 1
#11795008
0#
0,
#11800008
1#
1,
#11802008
1'
b1111000 (
10
b1111000 1
#11805008
0#
0,
#11810008
1#
1,
#11812008
1&
b1111010 (
1/
b1111010 1
#11815008
0#
0,
#11820008
1#
0+
1,
04
b1111010 <
b000 =
#11822008
0&
b1010110 (
0/
b1010110 1
#11825008
0#
0,
#11830008
1#
b1111010 )
1+
1,
b1111010 2
14
b000 >
#11832008
1&
b0100101 (
1/
b0100101 1
#11835008
0#
0,
#11840008
1#
0+
1,
04
b0100101 5
b001 =
#11842008
0&
b0110111 (
0/
b0110111 1
#11845008
0#
0,
#11850008
1#
b0100101 )
1+
1,
b0100101 2
14
b001 >
#11852008
b1100000 (
b1100000 1
#11855008
0#
0,
#11860008
1#
1,
#11862008
b0100110 (
b0100110 1
#11865008
0#
0,
#11870008
1#
1,
#11872008
b1111101 (
b1111101 1
#11875008
0#
0,
#11880008
1#
1,
#11882008
b1110100 (
b1110100 1
#11885008
0#
0,
#11890008
1#
1,
#11892008
1&
0'
b0100110 (
1/
00
b0100110 1
#11895008
0#
0,
#11900008
1#
0+
1,
04
b0100110 6
b010 =
#11902008
0&
1'
b0111111 (
0/
10
b0111111 1
#11905008
0#
0,
#11910008
1#
b0100110 )
1+
1,
b0100110 2
14
b010 >
#11912008
1&
b0111010 (
1/
b0111010 1
#11915008
0#
0,
#11920008
1#
0+
1,
04
b0111010 7
b011 =
#11922008
0&
b0001001 (
0/
b0001001 1
#11925008
0#
0,
#11930008
1#
b0111010 )
1+
1,
b0111010 2
14
b011 >
#11932008
b1100101 (
b1100101 1
#11935008
0#
0,
#11940008
1#
1,
#11942008
b0110001 (
b0110001 1
#11945008
0#
0,
#11950008
1#
1,
#11952008
b0000111 (
b0000111 1
#11955008
0#
0,
#11960008
1#
1,
#11962008
b1101111 (
b1101111 1
#11965008
0#
0,
#11970008
1#
1,
#11972008
1&
b0010101 (
1/
b0010101 1
#11975008
0#
0,
#11980008
1#
0+
1,
04
b0010101 8
b100 =
#11982008
b1011011 (
b1011011 1
#11985008
0#
0,
#11990008
1#
b0010101 )
1,
b0010101 2
b1011011 9
b101 =
b100 >
#11992008
b0111000 (
b0111000 1
#11995008
0#
0,
#12000008
1#
b1011011 )
1,
b1011011 2
b0111000 :
b110 =
b101 >
#12002008
0'
b0100010 (
00
b0100010 1
#12005008
0#
0,
#12010008
1#
1,
b0100010 ;
b111 =
#12012008
b0110100 (
b0110100 1
#12015008
0#
0,
#12020008
1#
1,
b0110100 <
b000 =
1?
#12022008
0&
b1101101 (
0/
b1101101 1
#12025008
0#
0,
#12030008
1#
1,
#12032008
1&
1'
b1011111 (
1/
10
b1011111 1
#12035008
0#
0,
#12040008
1#
b0111000 )
1,
b0111000 2
b1011111 5
b001 =
b110 >
#12042008
0'
b1110010 (
00
b1110010 1
#12045008
0#
0,
#12050008
1#
1,
b1110010 6
b010 =
#12052008
b0101000 (
b0101000 1
#12055008
0#
0,
#12060008
1#
1,
b0101000 7
b011 =
#12062008
1'
b1010101 (
10
b1010101 1
#12065008
0#
0,
#12070008
1#
b0100010 )
1,
b0100010 2
b1010101 8
b100 =
b111 >
#12072008
0'
b1110011 (
00
b1110011 1
#12075008
0#
0,
#12080008
1#
1,
b1110011 9
b101 =
#12082008
1'
b0001001 (
10
b0001001 1
#12085008
0#
0,
#12090008
1#
b0110100 )
1,
b0110100 2
b0001001 :
b110 =
b000 >
0?
#12092008
0&
b0010101 (
0/
b0010101 1
#12095008
0#
0,
#12100008
1#
b1011111 )
1,
b1011111 2
b001 >
#12102008
1&
0'
b0000000 (
1/
00
b0000000 1
#12105008
0#
0,
#12110008
1#
1,
b0000000 ;
b111 =
#12112008
0&
b1110101 (
0/
b1110101 1
#12115008
0#
0,
#12120008
1#
1,
#12122008
1'
b1111111 (
10
b1111111 1
#12125008
0#
0,
#12130008
1#
b1110010 )
1,
b1110010 2
b010 >
#12132008
0'
b1100100 (
00
b1100100 1
#12135008
0#
0,
#12140008
1#
1,
#12142008
1&
1'
b0000000 (
1/
10
b0000000 1
#12145008
0#
0,
#12150008
1#
b0101000 )
1,
b0101000 2
b0000000 <
b000 =
b011 >
1?
#12152008
0&
b1101011 (
0/
b1101011 1
#12155008
0#
0,
#12160008
1#
b1010101 )
1,
b1010101 2
b100 >
#12162008
1&
b0010101 (
1/
b0010101 1
#12165008
0#
0,
#12170008
1#
b1110011 )
1,
b1110011 2
b0010101 5
b001 =
b101 >
#12172008
0'
b0000011 (
00
b0000011 1
#12175008
0#
0,
#12180008
1#
1,
b0000011 6
b010 =
#12182008
0&
1'
b0111000 (
0/
10
b0111000 1
#12185008
0#
0,
#12190008
1#
b0001001 )
1,
b0001001 2
b110 >
#12192008
1&
0'
b0001010 (
1/
00
b0001010 1
#12195008
0#
0,
#12200008
1#
1,
b0001010 7
b011 =
#12202008
0&
b0110111 (
0/
b0110111 1
#12205008
0#
0,
#12210008
1#
1,
#12212008
b0001110 (
b0001110 1
#12215008
0#
0,
#12220008
1#
1,
#12222008
1'
b1001101 (
10
b1001101 1
#12225008
0#
0,
#12230008
1#
b0000000 )
1,
b0000000 2
b111 >
#12232008
b1000000 (
b1000000 1
#12235008
0#
0,
#12240008
1#
1,
b000 >
0?
#12242008
1&
b0000010 (
1/
b0000010 1
#12245008
0#
0,
#12250008
1#
b0010101 )
1,
b0010101 2
b0000010 8
b100 =
b001 >
#12252008
0'
b1111101 (
00
b1111101 1
#12255008
0#
0,
#12260008
1#
1,
b1111101 9
b101 =
#12262008
0&
1'
b1010110 (
0/
10
b1010110 1
#12265008
0#
0,
#12270008
1#
b0000011 )
1,
b0000011 2
b010 >
#12272008
b1110111 (
b1110111 1
#12275008
0#
0,
#12280008
1#
b0001010 )
1,
b0001010 2
b011 >
#12282008
b1001111 (
b1001111 1
#12285008
0#
0,
#12290008
1#
b0000010 )
1,
b0000010 2
b100 >
#12292008
1&
b0001110 (
1/
b0001110 1
#12295008
0#
0,
#12300008
1#
b1111101 )
1,
b1111101 2
b0001110 :
b110 =
b101 >
#12302008
0'
b0111001 (
00
b0111001 1
#12305008
0#
0,
#12310008
1#
1,
b0111001 ;
b111 =
#12312008
b0101001 (
b0101001 1
#12315008
0#
0,
#12320008
1#
1,
b0101001 <
b000 =
1?
#12322008
0&
1'
b0111111 (
0/
10
b0111111 1
#12325008
0#
0,
#12330008
1#
b0001110 )
1,
b0001110 2
b110 >
#12332008
0'
b0000000 (
00
b0000000 1
#12335008
0#
0,
#12340008
1#
1,
#12342008
1&
b1100100 (
1/
b1100100 1
#12345008
0#
0,
#12350008
1#
1,
b1100100 5
b001 =
#12352008
b1010101 (
b1010101 1
#12355008
0#
0,
#12360008
1#
1,
b1010101 6
b010 =
#12362008
b1110101 (
b1110101 1
#12365008
0#
0,
#12370008
1#
1,
b1110101 7
b011 =
#12372008
b1111100 (
b1111100 1
#12375008
0#
0,
#12380008
1#
1,
b1111100 8
b100 =
#12382008
b1001011 (
b1001011 1
#12385008
0#
0,
#12390008
1#
1,
b1001011 9
b101 =
#12392008
b0000110 (
b0000110 1
#12395008
0#
0,
#12400008
1#
1*
1,
13
b0000110 :
b110 =
#12402008
b0111110 (
b0111110 1
#12405008
0#
0,
#12410008
1#
1,
#12412008
0&
b0111100 (
0/
b0111100 1
#12415008
0#
0,
#12420008
1#
1,
#12422008
1&
b0101111 (
1/
b0101111 1
#12425008
0#
0,
#12430008
1#
1,
#12432008
b1111111 (
b1111111 1
#12435008
0#
0,
#12440008
1#
1,
#12442008
b0100000 (
b0100000 1
#12445008
0#
0,
#12450008
1#
1,
#12452008
b1101101 (
b1101101 1
#12455008
0#
0,
#12460008
1#
1,
#12462008
b0011101 (
b0011101 1
#12465008
0#
0,
#12470008
1#
1,
#12472008
b0001010 (
b0001010 1
#12475008
0#
0,
#12480008
1#
1,
#12482008
b1011100 (
b1011100 1
#12485008
0#
0,
#12490008
1#
1,
#12492008
b0111110 (
b0111110 1
#12495008
0#
0,
#12500008
1#
1,
#12502008
b0011110 (
b0011110 1
#12505008
0#
0,
#12510008
1#
1,
#12512008
b1101001 (
b1101001 1
#12515008
0#
0,
#12520008
1#
1,
#12522008
0&
b1111010 (
0/
b1111010 1
#12525008
0#
0,
#12530008
1#
1,
#12532008
1&
b1101000 (
1/
b1101000 1
#12535008
0#
0,
#12540008
1#
1,
#12542008
b1011110 (
b1011110 1
#12545008
0#
0,
#12550008
1#
1,
#12552008
0&
b1010101 (
0/
b1010101 1
#12555008
0#
0,
#12560008
1#
1,
#12562008
1&
b1001011 (
1/
b1001011 1
#12565008
0#
0,
#12570008
1#
1,
#12572008
b1000001 (
b1000001 1
#12575008
0#
0,
#12580008
1#
1,
#12582008
b1110011 (
b1110011 1
#12585008
0#
0,
#12590008
1#
1,
#12592008
1'
b0000011 (
10
b0000011 1
#12595008
0#
0,
#12600008
1#
b0111001 )
0*
1,
b0111001 2
03
b111 >
#12602008
0'
b0110010 (
00
b0110010 1
#12605008
0#
0,
#12610008
1#
1*
1,
13
b0110010 ;
b111 =
#12612008
b0110110 (
b0110110 1
#12615008
0#
0,
#12620008
1#
1,
#12622008
0&
b0111011 (
0/
b0111011 1
#12625008
0#
0,
#12630008
1#
1,
#12632008
1'
b1001101 (
10
b1001101 1
#12635008
0#
0,
#12640008
1#
b0101001 )
0*
1,
b0101001 2
03
b000 >
0?
#12642008
b0100111 (
b0100111 1
#12645008
0#
0,
#12650008
1#
b1100100 )
1,
b1100100 2
b001 >
#12652008
b0000101 (
b0000101 1
#12655008
0#
0,
#12660008
1#
b1010101 )
1,
b1010101 2
b010 >
#12662008
b1001010 (
b1001010 1
#12665008
0#
0,
#12670008
1#
b1110101 )
1,
b1110101 2
b011 >
#12672008
b1001100 (
b1001100 1
#12675008
0#
0,
#12680008
1#
b1111100 )
1,
b1111100 2
b100 >
#12682008
b0110100 (
b0110100 1
#12685008
0#
0,
#12690008
1#
b1001011 )
1,
b1001011 2
b101 >
#12692008
b0100011 (
b0100011 1
#12695008
0#
0,
#12700008
1#
b0000110 )
1,
b0000110 2
b110 >
#12702008
b1101111 (
b1101111 1
#12705008
0#
0,
#12710008
1#
b0110010 )
1+
1,
b0110010 2
14
b111 >
#12712008
b1110000 (
b1110000 1
#12715008
0#
0,
#12720008
1#
1,
#12722008
b1110001 (
b1110001 1
#12725008
0#
0,
#12730008
1#
1,
#12732008
b1110010 (
b1110010 1
#12735008
0#
0,
#12740008
1#
1,
#12742008
b1110011 (
b1110011 1
#12745008
0#
0,
#12750008
1#
1,
#12752008
b1110100 (
b1110100 1
#12755008
0#
0,
#12760008
1#
1,
#12762008
b1110101 (
b1110101 1
#12765008
0#
0,
#12770008
1#
1,
#12772008
b1110110 (
b1110110 1
#12775008
0#
0,
#12780008
1#
1,
#12782008
b1110111 (
b1110111 1
#12785008
0#
0,
#12790008
1#
1,
#12792008
0'
b1111000 (
00
b1111000 1
#12795008
0#
0,
#12800008
1#
1,
#12802008
b1111001 (
b1111001 1
#12805008
0#
0,
#12810008
1#
1,
#12812008
b1111010 (
b1111010 1
#12815008
0#
0,
#12820008
1#
1,
#12825008
0#
0,
#12830008
1#
1,
